ISO,Year,PGC_Waste
ABW,2000,1464.948454
ABW,2001,1464.948454
ABW,2002,1464.948454
ABW,2003,1464.948454
ABW,2004,1464.948454
ABW,2005,1464.948454
ABW,2006,1464.948454
ABW,2007,1464.948454
ABW,2008,1464.948454
ABW,2009,1464.948454
ABW,2010,1464.948454
ABW,2011,1464.948454
ABW,2012,1464.948454
ABW,2013,1464.948454
ABW,2014,1464.948454
ABW,2015,1464.948454
ABW,2016,1464.948454
ABW,2017,1371.178218
ABW,2018,1371.178218
ABW,2019,1334.356436
AFG,2000,170.3623241
AFG,2001,170.3623241
AFG,2002,170.3623241
AFG,2003,170.3623241
AFG,2004,170.3623241
AFG,2005,170.3623241
AFG,2006,170.3623241
AFG,2007,170.3623241
AFG,2008,170.3623241
AFG,2009,170.3623241
AFG,2010,170.3623241
AFG,2011,170.3623241
AFG,2012,170.3623241
AFG,2013,170.3623241
AFG,2014,170.3623241
AFG,2015,170.3623241
AFG,2016,170.3623241
AFG,2017,96.69516158
AFG,2018,96.69516158
AFG,2019,122.0206742
AGO,2000,892.6357241
AGO,2001,892.6357241
AGO,2002,892.6357241
AGO,2003,892.6357241
AGO,2004,892.6357241
AGO,2005,892.6357241
AGO,2006,892.6357241
AGO,2007,892.6357241
AGO,2008,892.6357241
AGO,2009,892.6357241
AGO,2010,892.6357241
AGO,2011,892.6357241
AGO,2012,892.6357241
AGO,2013,892.6357241
AGO,2014,892.6357241
AGO,2015,892.6357241
AGO,2016,892.6357241
AGO,2017,896.4217346
AGO,2018,896.4217346
AGO,2019,856.2081851
ALB,2000,507.0209011
ALB,2001,507.0209011
ALB,2002,507.0209011
ALB,2003,507.0209011
ALB,2004,507.0209011
ALB,2005,507.0209011
ALB,2006,507.0209011
ALB,2007,507.0209011
ALB,2008,507.0209011
ALB,2009,507.0209011
ALB,2010,507.0209011
ALB,2011,507.0209011
ALB,2012,507.0209011
ALB,2013,507.0209011
ALB,2014,507.0209011
ALB,2015,507.0209011
ALB,2016,507.0209011
ALB,2017,513.7754483
ALB,2018,513.7754483
ALB,2019,543.8009283
AND,2000,347.2335217
AND,2001,347.2335217
AND,2002,347.2335217
AND,2003,347.2335217
AND,2004,347.2335217
AND,2005,347.2335217
AND,2006,347.2335217
AND,2007,347.2335217
AND,2008,347.2335217
AND,2009,347.2335217
AND,2010,347.2335217
AND,2011,347.2335217
AND,2012,347.2335217
AND,2013,347.2335217
AND,2014,347.2335217
AND,2015,347.2335217
AND,2016,347.2335217
AND,2017,405.3728814
AND,2018,405.3728814
AND,2019,374.9039548
ARE,2000,19.51349458
ARE,2001,19.51349458
ARE,2002,19.51349458
ARE,2003,19.51349458
ARE,2004,19.51349458
ARE,2005,19.51349458
ARE,2006,19.51349458
ARE,2007,19.51349458
ARE,2008,19.51349458
ARE,2009,19.51349458
ARE,2010,19.51349458
ARE,2011,19.51349458
ARE,2012,19.51349458
ARE,2013,19.51349458
ARE,2014,19.51349458
ARE,2015,19.51349458
ARE,2016,19.51349458
ARE,2017,4.575258516
ARE,2018,4.575258516
ARE,2019,5.171319951
ARG,2000,507.2271982
ARG,2001,507.2271982
ARG,2002,507.2271982
ARG,2003,507.2271982
ARG,2004,507.2271982
ARG,2005,507.2271982
ARG,2006,507.2271982
ARG,2007,507.2271982
ARG,2008,507.2271982
ARG,2009,507.2271982
ARG,2010,507.2271982
ARG,2011,507.2271982
ARG,2012,507.2271982
ARG,2013,507.2271982
ARG,2014,507.2271982
ARG,2015,507.2271982
ARG,2016,507.2271982
ARG,2017,525.1601038
ARG,2018,525.1601038
ARG,2019,493.2509618
ARM,2000,478.6682425
ARM,2001,478.6682425
ARM,2002,478.6682425
ARM,2003,478.6682425
ARM,2004,478.6682425
ARM,2005,478.6682425
ARM,2006,478.6682425
ARM,2007,478.6682425
ARM,2008,478.6682425
ARM,2009,478.6682425
ARM,2010,478.6682425
ARM,2011,478.6682425
ARM,2012,478.6682425
ARM,2013,478.6682425
ARM,2014,478.6682425
ARM,2015,478.6682425
ARM,2016,478.6682425
ARM,2017,383.4949024
ARM,2018,383.4949024
ARM,2019,379.6673305
ASM,2000,2085.586667
ASM,2001,2085.586667
ASM,2002,2085.586667
ASM,2003,2085.586667
ASM,2004,2085.586667
ASM,2005,2085.586667
ASM,2006,2085.586667
ASM,2007,2085.586667
ASM,2008,2085.586667
ASM,2009,2085.586667
ASM,2010,2085.586667
ASM,2011,2085.586667
ASM,2012,2085.586667
ASM,2013,2085.586667
ASM,2014,2085.586667
ASM,2015,2085.586667
ASM,2016,2085.586667
ASM,2017,1993.539474
ASM,2018,1993.539474
ASM,2019,1973.342105
ATG,2000,1482.678947
ATG,2001,1482.678947
ATG,2002,1482.678947
ATG,2003,1482.678947
ATG,2004,1482.678947
ATG,2005,1482.678947
ATG,2006,1482.678947
ATG,2007,1482.678947
ATG,2008,1482.678947
ATG,2009,1482.678947
ATG,2010,1482.678947
ATG,2011,1482.678947
ATG,2012,1482.678947
ATG,2013,1482.678947
ATG,2014,1482.678947
ATG,2015,1482.678947
ATG,2016,1482.678947
ATG,2017,1631.748663
ATG,2018,1631.748663
ATG,2019,1540.68984
AUS,2000,354.427455
AUS,2001,354.427455
AUS,2002,354.427455
AUS,2003,354.427455
AUS,2004,354.427455
AUS,2005,354.427455
AUS,2006,354.427455
AUS,2007,354.427455
AUS,2008,354.427455
AUS,2009,354.427455
AUS,2010,354.427455
AUS,2011,354.427455
AUS,2012,354.427455
AUS,2013,354.427455
AUS,2014,354.427455
AUS,2015,354.427455
AUS,2016,354.427455
AUS,2017,397.4057192
AUS,2018,397.4057192
AUS,2019,237.8622194
AUT,2000,408.8130669
AUT,2001,408.8130669
AUT,2002,408.8130669
AUT,2003,408.8130669
AUT,2004,408.8130669
AUT,2005,408.8130669
AUT,2006,408.8130669
AUT,2007,408.8130669
AUT,2008,408.8130669
AUT,2009,408.8130669
AUT,2010,408.8130669
AUT,2011,408.8130669
AUT,2012,408.8130669
AUT,2013,408.8130669
AUT,2014,408.8130669
AUT,2015,408.8130669
AUT,2016,408.8130669
AUT,2017,388.9954829
AUT,2018,388.9954829
AUT,2019,365.9868568
AZE,2000,379.6569514
AZE,2001,379.6569514
AZE,2002,379.6569514
AZE,2003,379.6569514
AZE,2004,379.6569514
AZE,2005,379.6569514
AZE,2006,379.6569514
AZE,2007,379.6569514
AZE,2008,379.6569514
AZE,2009,379.6569514
AZE,2010,379.6569514
AZE,2011,379.6569514
AZE,2012,379.6569514
AZE,2013,379.6569514
AZE,2014,379.6569514
AZE,2015,379.6569514
AZE,2016,379.6569514
AZE,2017,371.5355843
AZE,2018,371.5355843
AZE,2019,362.2160958
BDI,2000,842.0712955
BDI,2001,842.0712955
BDI,2002,842.0712955
BDI,2003,842.0712955
BDI,2004,842.0712955
BDI,2005,842.0712955
BDI,2006,842.0712955
BDI,2007,842.0712955
BDI,2008,842.0712955
BDI,2009,842.0712955
BDI,2010,842.0712955
BDI,2011,842.0712955
BDI,2012,842.0712955
BDI,2013,842.0712955
BDI,2014,842.0712955
BDI,2015,842.0712955
BDI,2016,842.0712955
BDI,2017,816.377281
BDI,2018,816.377281
BDI,2019,840.4093315
BEL,2000,452.0172016
BEL,2001,452.0172016
BEL,2002,452.0172016
BEL,2003,452.0172016
BEL,2004,452.0172016
BEL,2005,452.0172016
BEL,2006,452.0172016
BEL,2007,452.0172016
BEL,2008,452.0172016
BEL,2009,452.0172016
BEL,2010,452.0172016
BEL,2011,452.0172016
BEL,2012,452.0172016
BEL,2013,452.0172016
BEL,2014,452.0172016
BEL,2015,452.0172016
BEL,2016,452.0172016
BEL,2017,361.5264816
BEL,2018,361.5264816
BEL,2019,360.5665528
BEN,2000,1173.150367
BEN,2001,1173.150367
BEN,2002,1173.150367
BEN,2003,1173.150367
BEN,2004,1173.150367
BEN,2005,1173.150367
BEN,2006,1173.150367
BEN,2007,1173.150367
BEN,2008,1173.150367
BEN,2009,1173.150367
BEN,2010,1173.150367
BEN,2011,1173.150367
BEN,2012,1173.150367
BEN,2013,1173.150367
BEN,2014,1173.150367
BEN,2015,1173.150367
BEN,2016,1173.150367
BEN,2017,1125.392002
BEN,2018,1125.392002
BEN,2019,1158.09471
BFA,2000,929.0361253
BFA,2001,929.0361253
BFA,2002,929.0361253
BFA,2003,929.0361253
BFA,2004,929.0361253
BFA,2005,929.0361253
BFA,2006,929.0361253
BFA,2007,929.0361253
BFA,2008,929.0361253
BFA,2009,929.0361253
BFA,2010,929.0361253
BFA,2011,929.0361253
BFA,2012,929.0361253
BFA,2013,929.0361253
BFA,2014,929.0361253
BFA,2015,929.0361253
BFA,2016,929.0361253
BFA,2017,914.2653564
BFA,2018,914.2653564
BFA,2019,865.2978936
BGD,2000,1137.996999
BGD,2001,1137.996999
BGD,2002,1137.996999
BGD,2003,1137.996999
BGD,2004,1137.996999
BGD,2005,1137.996999
BGD,2006,1137.996999
BGD,2007,1137.996999
BGD,2008,1137.996999
BGD,2009,1137.996999
BGD,2010,1137.996999
BGD,2011,1137.996999
BGD,2012,1137.996999
BGD,2013,1137.996999
BGD,2014,1137.996999
BGD,2015,1137.996999
BGD,2016,1137.996999
BGD,2017,1180.287782
BGD,2018,1180.287782
BGD,2019,1160.932165
BGR,2000,437.4405254
BGR,2001,437.4405254
BGR,2002,437.4405254
BGR,2003,437.4405254
BGR,2004,437.4405254
BGR,2005,437.4405254
BGR,2006,437.4405254
BGR,2007,437.4405254
BGR,2008,437.4405254
BGR,2009,437.4405254
BGR,2010,437.4405254
BGR,2011,437.4405254
BGR,2012,437.4405254
BGR,2013,437.4405254
BGR,2014,437.4405254
BGR,2015,437.4405254
BGR,2016,437.4405254
BGR,2017,460.5208039
BGR,2018,460.5208039
BGR,2019,440.3356524
BHR,2000,262.86
BHR,2001,262.86
BHR,2002,262.86
BHR,2003,262.86
BHR,2004,262.86
BHR,2005,262.86
BHR,2006,262.86
BHR,2007,262.86
BHR,2008,262.86
BHR,2009,262.86
BHR,2010,262.86
BHR,2011,262.86
BHR,2012,262.86
BHR,2013,262.86
BHR,2014,262.86
BHR,2015,262.86
BHR,2016,262.86
BHR,2017,98.83277592
BHR,2018,98.83277592
BHR,2019,93.0735786
BHS,2000,1261.922702
BHS,2001,1261.922702
BHS,2002,1261.922702
BHS,2003,1261.922702
BHS,2004,1261.922702
BHS,2005,1261.922702
BHS,2006,1261.922702
BHS,2007,1261.922702
BHS,2008,1261.922702
BHS,2009,1261.922702
BHS,2010,1261.922702
BHS,2011,1261.922702
BHS,2012,1261.922702
BHS,2013,1261.922702
BHS,2014,1261.922702
BHS,2015,1261.922702
BHS,2016,1261.922702
BHS,2017,1204.9762
BHS,2018,1204.9762
BHS,2019,1225.597697
BIH,2000,531.1301208
BIH,2001,531.1301208
BIH,2002,531.1301208
BIH,2003,531.1301208
BIH,2004,531.1301208
BIH,2005,531.1301208
BIH,2006,531.1301208
BIH,2007,531.1301208
BIH,2008,531.1301208
BIH,2009,531.1301208
BIH,2010,531.1301208
BIH,2011,531.1301208
BIH,2012,531.1301208
BIH,2013,531.1301208
BIH,2014,531.1301208
BIH,2015,531.1301208
BIH,2016,531.1301208
BIH,2017,514.5447357
BIH,2018,514.5447357
BIH,2019,523.7105478
BLR,2000,435.3296842
BLR,2001,435.3296842
BLR,2002,435.3296842
BLR,2003,435.3296842
BLR,2004,435.3296842
BLR,2005,435.3296842
BLR,2006,435.3296842
BLR,2007,435.3296842
BLR,2008,435.3296842
BLR,2009,435.3296842
BLR,2010,435.3296842
BLR,2011,435.3296842
BLR,2012,435.3296842
BLR,2013,435.3296842
BLR,2014,435.3296842
BLR,2015,435.3296842
BLR,2016,435.3296842
BLR,2017,478.834924
BLR,2018,478.834924
BLR,2019,465.9310041
BLZ,2000,1224.903499
BLZ,2001,1224.903499
BLZ,2002,1224.903499
BLZ,2003,1224.903499
BLZ,2004,1224.903499
BLZ,2005,1224.903499
BLZ,2006,1224.903499
BLZ,2007,1224.903499
BLZ,2008,1224.903499
BLZ,2009,1224.903499
BLZ,2010,1224.903499
BLZ,2011,1224.903499
BLZ,2012,1224.903499
BLZ,2013,1224.903499
BLZ,2014,1224.903499
BLZ,2015,1224.903499
BLZ,2016,1224.903499
BLZ,2017,1213.673195
BLZ,2018,1213.673195
BLZ,2019,1159.886825
BMU,2000,1298.166667
BMU,2001,1298.166667
BMU,2002,1298.166667
BMU,2003,1298.166667
BMU,2004,1298.166667
BMU,2005,1298.166667
BMU,2006,1298.166667
BMU,2007,1298.166667
BMU,2008,1298.166667
BMU,2009,1298.166667
BMU,2010,1298.166667
BMU,2011,1298.166667
BMU,2012,1298.166667
BMU,2013,1298.166667
BMU,2014,1298.166667
BMU,2015,1298.166667
BMU,2016,1298.166667
BMU,2017,1298
BMU,2018,1298
BMU,2019,1298
BOL,2000,994.0524605
BOL,2001,994.0524605
BOL,2002,994.0524605
BOL,2003,994.0524605
BOL,2004,994.0524605
BOL,2005,994.0524605
BOL,2006,994.0524605
BOL,2007,994.0524605
BOL,2008,994.0524605
BOL,2009,994.0524605
BOL,2010,994.0524605
BOL,2011,994.0524605
BOL,2012,994.0524605
BOL,2013,994.0524605
BOL,2014,994.0524605
BOL,2015,994.0524605
BOL,2016,994.0524605
BOL,2017,975.3315948
BOL,2018,975.3315948
BOL,2019,958.9119217
BRA,2000,1072.91745
BRA,2001,1072.91745
BRA,2002,1072.91745
BRA,2003,1072.91745
BRA,2004,1072.91745
BRA,2005,1072.91745
BRA,2006,1072.91745
BRA,2007,1072.91745
BRA,2008,1072.91745
BRA,2009,1072.91745
BRA,2010,1072.91745
BRA,2011,1072.91745
BRA,2012,1072.91745
BRA,2013,1072.91745
BRA,2014,1072.91745
BRA,2015,1072.91745
BRA,2016,1072.91745
BRA,2017,1052.63227
BRA,2018,1052.63227
BRA,2019,1064.301321
BRB,2000,1198.927419
BRB,2001,1198.927419
BRB,2002,1198.927419
BRB,2003,1198.927419
BRB,2004,1198.927419
BRB,2005,1198.927419
BRB,2006,1198.927419
BRB,2007,1198.927419
BRB,2008,1198.927419
BRB,2009,1198.927419
BRB,2010,1198.927419
BRB,2011,1198.927419
BRB,2012,1198.927419
BRB,2013,1198.927419
BRB,2014,1198.927419
BRB,2015,1198.927419
BRB,2016,1198.927419
BRB,2017,1237.414343
BRB,2018,1237.414343
BRB,2019,1160.649402
BRN,2000,1453.461396
BRN,2001,1453.461396
BRN,2002,1453.461396
BRN,2003,1453.461396
BRN,2004,1453.461396
BRN,2005,1453.461396
BRN,2006,1453.461396
BRN,2007,1453.461396
BRN,2008,1453.461396
BRN,2009,1453.461396
BRN,2010,1453.461396
BRN,2011,1453.461396
BRN,2012,1453.461396
BRN,2013,1453.461396
BRN,2014,1453.461396
BRN,2015,1453.461396
BRN,2016,1453.461396
BRN,2017,1445.296312
BRN,2018,1445.296312
BRN,2019,1463.491449
BTN,2000,623.8608562
BTN,2001,623.8608562
BTN,2002,623.8608562
BTN,2003,623.8608562
BTN,2004,623.8608562
BTN,2005,623.8608562
BTN,2006,623.8608562
BTN,2007,623.8608562
BTN,2008,623.8608562
BTN,2009,623.8608562
BTN,2010,623.8608562
BTN,2011,623.8608562
BTN,2012,623.8608562
BTN,2013,623.8608562
BTN,2014,623.8608562
BTN,2015,623.8608562
BTN,2016,623.8608562
BTN,2017,632.5583201
BTN,2018,632.5583201
BTN,2019,649.1991454
BWA,2000,372.3918418
BWA,2001,372.3918418
BWA,2002,372.3918418
BWA,2003,372.3918418
BWA,2004,372.3918418
BWA,2005,372.3918418
BWA,2006,372.3918418
BWA,2007,372.3918418
BWA,2008,372.3918418
BWA,2009,372.3918418
BWA,2010,372.3918418
BWA,2011,372.3918418
BWA,2012,372.3918418
BWA,2013,372.3918418
BWA,2014,372.3918418
BWA,2015,372.3918418
BWA,2016,372.3918418
BWA,2017,564.7062848
BWA,2018,564.7062848
BWA,2019,310.2154381
CAF,2000,1254.958495
CAF,2001,1254.958495
CAF,2002,1254.958495
CAF,2003,1254.958495
CAF,2004,1254.958495
CAF,2005,1254.958495
CAF,2006,1254.958495
CAF,2007,1254.958495
CAF,2008,1254.958495
CAF,2009,1254.958495
CAF,2010,1254.958495
CAF,2011,1254.958495
CAF,2012,1254.958495
CAF,2013,1254.958495
CAF,2014,1254.958495
CAF,2015,1254.958495
CAF,2016,1254.958495
CAF,2017,1249.594294
CAF,2018,1249.594294
CAF,2019,1263.064853
CAN,2000,272.5131571
CAN,2001,272.5131571
CAN,2002,272.5131571
CAN,2003,272.5131571
CAN,2004,272.5131571
CAN,2005,272.5131571
CAN,2006,272.5131571
CAN,2007,272.5131571
CAN,2008,272.5131571
CAN,2009,272.5131571
CAN,2010,272.5131571
CAN,2011,272.5131571
CAN,2012,272.5131571
CAN,2013,272.5131571
CAN,2014,272.5131571
CAN,2015,272.5131571
CAN,2016,272.5131571
CAN,2017,268.1318699
CAN,2018,268.1318699
CAN,2019,293.8259811
CHE,2000,347.579571
CHE,2001,347.579571
CHE,2002,347.579571
CHE,2003,347.579571
CHE,2004,347.579571
CHE,2005,347.579571
CHE,2006,347.579571
CHE,2007,347.579571
CHE,2008,347.579571
CHE,2009,347.579571
CHE,2010,347.579571
CHE,2011,347.579571
CHE,2012,347.579571
CHE,2013,347.579571
CHE,2014,347.579571
CHE,2015,347.579571
CHE,2016,347.579571
CHE,2017,341.1906833
CHE,2018,341.1906833
CHE,2019,329.2460227
CHL,2000,246.8369228
CHL,2001,246.8369228
CHL,2002,246.8369228
CHL,2003,246.8369228
CHL,2004,246.8369228
CHL,2005,246.8369228
CHL,2006,246.8369228
CHL,2007,246.8369228
CHL,2008,246.8369228
CHL,2009,246.8369228
CHL,2010,246.8369228
CHL,2011,246.8369228
CHL,2012,246.8369228
CHL,2013,246.8369228
CHL,2014,246.8369228
CHL,2015,246.8369228
CHL,2016,246.8369228
CHL,2017,243.0614516
CHL,2018,243.0614516
CHL,2019,228.681146
CIV,2000,1278.907094
CIV,2001,1278.907094
CIV,2002,1278.907094
CIV,2003,1278.907094
CIV,2004,1278.907094
CIV,2005,1278.907094
CIV,2006,1278.907094
CIV,2007,1278.907094
CIV,2008,1278.907094
CIV,2009,1278.907094
CIV,2010,1278.907094
CIV,2011,1278.907094
CIV,2012,1278.907094
CIV,2013,1278.907094
CIV,2014,1278.907094
CIV,2015,1278.907094
CIV,2016,1278.907094
CIV,2017,1208.391122
CIV,2018,1208.391122
CIV,2019,1209.094906
CMR,2000,1171.607648
CMR,2001,1171.607648
CMR,2002,1171.607648
CMR,2003,1171.607648
CMR,2004,1171.607648
CMR,2005,1171.607648
CMR,2006,1171.607648
CMR,2007,1171.607648
CMR,2008,1171.607648
CMR,2009,1171.607648
CMR,2010,1171.607648
CMR,2011,1171.607648
CMR,2012,1171.607648
CMR,2013,1171.607648
CMR,2014,1171.607648
CMR,2015,1171.607648
CMR,2016,1171.607648
CMR,2017,1157.253865
CMR,2018,1157.253865
CMR,2019,1175.041755
COD,2000,1226.135514
COD,2001,1226.135514
COD,2002,1226.135514
COD,2003,1226.135514
COD,2004,1226.135514
COD,2005,1226.135514
COD,2006,1226.135514
COD,2007,1226.135514
COD,2008,1226.135514
COD,2009,1226.135514
COD,2010,1226.135514
COD,2011,1226.135514
COD,2012,1226.135514
COD,2013,1226.135514
COD,2014,1226.135514
COD,2015,1226.135514
COD,2016,1226.135514
COD,2017,1205.935703
COD,2018,1205.935703
COD,2019,1211.53171
COG,2000,1102.47762
COG,2001,1102.47762
COG,2002,1102.47762
COG,2003,1102.47762
COG,2004,1102.47762
COG,2005,1102.47762
COG,2006,1102.47762
COG,2007,1102.47762
COG,2008,1102.47762
COG,2009,1102.47762
COG,2010,1102.47762
COG,2011,1102.47762
COG,2012,1102.47762
COG,2013,1102.47762
COG,2014,1102.47762
COG,2015,1102.47762
COG,2016,1102.47762
COG,2017,1099.621266
COG,2018,1099.621266
COG,2019,1100.653416
COK,2000,1659.956522
COK,2001,1659.956522
COK,2002,1659.956522
COK,2003,1659.956522
COK,2004,1659.956522
COK,2005,1659.956522
COK,2006,1659.956522
COK,2007,1659.956522
COK,2008,1659.956522
COK,2009,1659.956522
COK,2010,1659.956522
COK,2011,1659.956522
COK,2012,1659.956522
COK,2013,1659.956522
COK,2014,1659.956522
COK,2015,1659.956522
COK,2016,1659.956522
COK,2017,1651.571429
COK,2018,1651.571429
COK,2019,1685.342857
COL,2000,1044.329027
COL,2001,1044.329027
COL,2002,1044.329027
COL,2003,1044.329027
COL,2004,1044.329027
COL,2005,1044.329027
COL,2006,1044.329027
COL,2007,1044.329027
COL,2008,1044.329027
COL,2009,1044.329027
COL,2010,1044.329027
COL,2011,1044.329027
COL,2012,1044.329027
COL,2013,1044.329027
COL,2014,1044.329027
COL,2015,1044.329027
COL,2016,1044.329027
COL,2017,1059.082947
COL,2018,1059.082947
COL,2019,1038.58577
COM,2000,1343.485485
COM,2001,1343.485485
COM,2002,1343.485485
COM,2003,1343.485485
COM,2004,1343.485485
COM,2005,1343.485485
COM,2006,1343.485485
COM,2007,1343.485485
COM,2008,1343.485485
COM,2009,1343.485485
COM,2010,1343.485485
COM,2011,1343.485485
COM,2012,1343.485485
COM,2013,1343.485485
COM,2014,1343.485485
COM,2015,1343.485485
COM,2016,1343.485485
COM,2017,1329.281467
COM,2018,1329.281467
COM,2019,1312.557978
CPV,2000,478.8282252
CPV,2001,478.8282252
CPV,2002,478.8282252
CPV,2003,478.8282252
CPV,2004,478.8282252
CPV,2005,478.8282252
CPV,2006,478.8282252
CPV,2007,478.8282252
CPV,2008,478.8282252
CPV,2009,478.8282252
CPV,2010,478.8282252
CPV,2011,478.8282252
CPV,2012,478.8282252
CPV,2013,478.8282252
CPV,2014,478.8282252
CPV,2015,478.8282252
CPV,2016,478.8282252
CPV,2017,499.6826241
CPV,2018,499.6826241
CPV,2019,454.0014184
CRI,2000,1155.592122
CRI,2001,1155.592122
CRI,2002,1155.592122
CRI,2003,1155.592122
CRI,2004,1155.592122
CRI,2005,1155.592122
CRI,2006,1155.592122
CRI,2007,1155.592122
CRI,2008,1155.592122
CRI,2009,1155.592122
CRI,2010,1155.592122
CRI,2011,1155.592122
CRI,2012,1155.592122
CRI,2013,1155.592122
CRI,2014,1155.592122
CRI,2015,1155.592122
CRI,2016,1155.592122
CRI,2017,1143.822868
CRI,2018,1143.822868
CRI,2019,1132.485902
CUB,2000,1183.810037
CUB,2001,1183.810037
CUB,2002,1183.810037
CUB,2003,1183.810037
CUB,2004,1183.810037
CUB,2005,1183.810037
CUB,2006,1183.810037
CUB,2007,1183.810037
CUB,2008,1183.810037
CUB,2009,1183.810037
CUB,2010,1183.810037
CUB,2011,1183.810037
CUB,2012,1183.810037
CUB,2013,1183.810037
CUB,2014,1183.810037
CUB,2015,1183.810037
CUB,2016,1183.810037
CUB,2017,1111.717972
CUB,2018,1111.717972
CUB,2019,1150.951418
CYM,2000,2026.576923
CYM,2001,2026.576923
CYM,2002,2026.576923
CYM,2003,2026.576923
CYM,2004,2026.576923
CYM,2005,2026.576923
CYM,2006,2026.576923
CYM,2007,2026.576923
CYM,2008,2026.576923
CYM,2009,2026.576923
CYM,2010,2026.576923
CYM,2011,2026.576923
CYM,2012,2026.576923
CYM,2013,2026.576923
CYM,2014,2026.576923
CYM,2015,2026.576923
CYM,2016,2026.576923
CYM,2017,2043.826772
CYM,2018,2043.826772
CYM,2019,2040.480315
CYP,2000,544.411345
CYP,2001,544.411345
CYP,2002,544.411345
CYP,2003,544.411345
CYP,2004,544.411345
CYP,2005,544.411345
CYP,2006,544.411345
CYP,2007,544.411345
CYP,2008,544.411345
CYP,2009,544.411345
CYP,2010,544.411345
CYP,2011,544.411345
CYP,2012,544.411345
CYP,2013,544.411345
CYP,2014,544.411345
CYP,2015,544.411345
CYP,2016,544.411345
CYP,2017,533.9974245
CYP,2018,533.9974245
CYP,2019,689.4529384
CZE,2000,403.3660066
CZE,2001,403.3660066
CZE,2002,403.3660066
CZE,2003,403.3660066
CZE,2004,403.3660066
CZE,2005,403.3660066
CZE,2006,403.3660066
CZE,2007,403.3660066
CZE,2008,403.3660066
CZE,2009,403.3660066
CZE,2010,403.3660066
CZE,2011,403.3660066
CZE,2012,403.3660066
CZE,2013,403.3660066
CZE,2014,403.3660066
CZE,2015,403.3660066
CZE,2016,403.3660066
CZE,2017,402.2033821
CZE,2018,402.2033821
CZE,2019,422.912801
DEU,2000,439.9705551
DEU,2001,439.9705551
DEU,2002,439.9705551
DEU,2003,439.9705551
DEU,2004,439.9705551
DEU,2005,439.9705551
DEU,2006,439.9705551
DEU,2007,439.9705551
DEU,2008,439.9705551
DEU,2009,439.9705551
DEU,2010,439.9705551
DEU,2011,439.9705551
DEU,2012,439.9705551
DEU,2013,439.9705551
DEU,2014,439.9705551
DEU,2015,439.9705551
DEU,2016,439.9705551
DEU,2017,432.415324
DEU,2018,432.415324
DEU,2019,408.6009022
DJI,2000,341.3526081
DJI,2001,341.3526081
DJI,2002,341.3526081
DJI,2003,341.3526081
DJI,2004,341.3526081
DJI,2005,341.3526081
DJI,2006,341.3526081
DJI,2007,341.3526081
DJI,2008,341.3526081
DJI,2009,341.3526081
DJI,2010,341.3526081
DJI,2011,341.3526081
DJI,2012,341.3526081
DJI,2013,341.3526081
DJI,2014,341.3526081
DJI,2015,341.3526081
DJI,2016,341.3526081
DJI,2017,100.2080692
DJI,2018,100.2080692
DJI,2019,98.50453236
DMA,2000,1695.934
DMA,2001,1695.934
DMA,2002,1695.934
DMA,2003,1695.934
DMA,2004,1695.934
DMA,2005,1695.934
DMA,2006,1695.934
DMA,2007,1695.934
DMA,2008,1695.934
DMA,2009,1695.934
DMA,2010,1695.934
DMA,2011,1695.934
DMA,2012,1695.934
DMA,2013,1695.934
DMA,2014,1695.934
DMA,2015,1695.934
DMA,2016,1695.934
DMA,2017,1635.576846
DMA,2018,1635.576846
DMA,2019,1683.493014
DNK,2000,412.0235127
DNK,2001,412.0235127
DNK,2002,412.0235127
DNK,2003,412.0235127
DNK,2004,412.0235127
DNK,2005,412.0235127
DNK,2006,412.0235127
DNK,2007,412.0235127
DNK,2008,412.0235127
DNK,2009,412.0235127
DNK,2010,412.0235127
DNK,2011,412.0235127
DNK,2012,412.0235127
DNK,2013,412.0235127
DNK,2014,412.0235127
DNK,2015,412.0235127
DNK,2016,412.0235127
DNK,2017,437.1736924
DNK,2018,437.1736924
DNK,2019,435.9506066
DOM,2000,1235.996253
DOM,2001,1235.996253
DOM,2002,1235.996253
DOM,2003,1235.996253
DOM,2004,1235.996253
DOM,2005,1235.996253
DOM,2006,1235.996253
DOM,2007,1235.996253
DOM,2008,1235.996253
DOM,2009,1235.996253
DOM,2010,1235.996253
DOM,2011,1235.996253
DOM,2012,1235.996253
DOM,2013,1235.996253
DOM,2014,1235.996253
DOM,2015,1235.996253
DOM,2016,1235.996253
DOM,2017,1242.808703
DOM,2018,1242.808703
DOM,2019,1114.968641
DZA,2000,61.57828178
DZA,2001,61.57828178
DZA,2002,61.57828178
DZA,2003,61.57828178
DZA,2004,61.57828178
DZA,2005,61.57828178
DZA,2006,61.57828178
DZA,2007,61.57828178
DZA,2008,61.57828178
DZA,2009,61.57828178
DZA,2010,61.57828178
DZA,2011,61.57828178
DZA,2012,61.57828178
DZA,2013,61.57828178
DZA,2014,61.57828178
DZA,2015,61.57828178
DZA,2016,61.57828178
DZA,2017,26.82266825
DZA,2018,26.82266825
DZA,2019,33.71100172
ECU,2000,839.5960215
ECU,2001,839.5960215
ECU,2002,839.5960215
ECU,2003,839.5960215
ECU,2004,839.5960215
ECU,2005,839.5960215
ECU,2006,839.5960215
ECU,2007,839.5960215
ECU,2008,839.5960215
ECU,2009,839.5960215
ECU,2010,839.5960215
ECU,2011,839.5960215
ECU,2012,839.5960215
ECU,2013,839.5960215
ECU,2014,839.5960215
ECU,2015,839.5960215
ECU,2016,839.5960215
ECU,2017,857.8722654
ECU,2018,857.8722654
ECU,2019,848.8633245
EGY,2000,52.27709356
EGY,2001,52.27709356
EGY,2002,52.27709356
EGY,2003,52.27709356
EGY,2004,52.27709356
EGY,2005,52.27709356
EGY,2006,52.27709356
EGY,2007,52.27709356
EGY,2008,52.27709356
EGY,2009,52.27709356
EGY,2010,52.27709356
EGY,2011,52.27709356
EGY,2012,52.27709356
EGY,2013,52.27709356
EGY,2014,52.27709356
EGY,2015,52.27709356
EGY,2016,52.27709356
EGY,2017,42.28413957
EGY,2018,42.28413957
EGY,2019,42.06637617
ERI,2000,379.1055324
ERI,2001,379.1055324
ERI,2002,379.1055324
ERI,2003,379.1055324
ERI,2004,379.1055324
ERI,2005,379.1055324
ERI,2006,379.1055324
ERI,2007,379.1055324
ERI,2008,379.1055324
ERI,2009,379.1055324
ERI,2010,379.1055324
ERI,2011,379.1055324
ERI,2012,379.1055324
ERI,2013,379.1055324
ERI,2014,379.1055324
ERI,2015,379.1055324
ERI,2016,379.1055324
ERI,2017,275.6729424
ERI,2018,275.6729424
ERI,2019,274.7357669
ESP,2000,511.7713177
ESP,2001,511.7713177
ESP,2002,511.7713177
ESP,2003,511.7713177
ESP,2004,511.7713177
ESP,2005,511.7713177
ESP,2006,511.7713177
ESP,2007,511.7713177
ESP,2008,511.7713177
ESP,2009,511.7713177
ESP,2010,511.7713177
ESP,2011,511.7713177
ESP,2012,511.7713177
ESP,2013,511.7713177
ESP,2014,511.7713177
ESP,2015,511.7713177
ESP,2016,511.7713177
ESP,2017,401.1589329
ESP,2018,401.1589329
ESP,2019,393.4145311
EST,2000,406.192452
EST,2001,406.192452
EST,2002,406.192452
EST,2003,406.192452
EST,2004,406.192452
EST,2005,406.192452
EST,2006,406.192452
EST,2007,406.192452
EST,2008,406.192452
EST,2009,406.192452
EST,2010,406.192452
EST,2011,406.192452
EST,2012,406.192452
EST,2013,406.192452
EST,2014,406.192452
EST,2015,406.192452
EST,2016,406.192452
EST,2017,486.0052442
EST,2018,486.0052442
EST,2019,470.8743064
ETH,2000,660.2504693
ETH,2001,660.2504693
ETH,2002,660.2504693
ETH,2003,660.2504693
ETH,2004,660.2504693
ETH,2005,660.2504693
ETH,2006,660.2504693
ETH,2007,660.2504693
ETH,2008,660.2504693
ETH,2009,660.2504693
ETH,2010,660.2504693
ETH,2011,660.2504693
ETH,2012,660.2504693
ETH,2013,660.2504693
ETH,2014,660.2504693
ETH,2015,660.2504693
ETH,2016,660.2504693
ETH,2017,608.2043911
ETH,2018,608.2043911
ETH,2019,642.9150143
FIN,2000,360.5178646
FIN,2001,360.5178646
FIN,2002,360.5178646
FIN,2003,360.5178646
FIN,2004,360.5178646
FIN,2005,360.5178646
FIN,2006,360.5178646
FIN,2007,360.5178646
FIN,2008,360.5178646
FIN,2009,360.5178646
FIN,2010,360.5178646
FIN,2011,360.5178646
FIN,2012,360.5178646
FIN,2013,360.5178646
FIN,2014,360.5178646
FIN,2015,360.5178646
FIN,2016,360.5178646
FIN,2017,395.4805415
FIN,2018,395.4805415
FIN,2019,382.2564613
FJI,2000,1320.108544
FJI,2001,1320.108544
FJI,2002,1320.108544
FJI,2003,1320.108544
FJI,2004,1320.108544
FJI,2005,1320.108544
FJI,2006,1320.108544
FJI,2007,1320.108544
FJI,2008,1320.108544
FJI,2009,1320.108544
FJI,2010,1320.108544
FJI,2011,1320.108544
FJI,2012,1320.108544
FJI,2013,1320.108544
FJI,2014,1320.108544
FJI,2015,1320.108544
FJI,2016,1320.108544
FJI,2017,1320.186014
FJI,2018,1320.186014
FJI,2019,1320.186014
FRA,2000,612.453869
FRA,2001,612.453869
FRA,2002,612.453869
FRA,2003,612.453869
FRA,2004,612.453869
FRA,2005,612.453869
FRA,2006,612.453869
FRA,2007,612.453869
FRA,2008,612.453869
FRA,2009,612.453869
FRA,2010,612.453869
FRA,2011,612.453869
FRA,2012,612.453869
FRA,2013,612.453869
FRA,2014,612.453869
FRA,2015,612.453869
FRA,2016,612.453869
FRA,2017,556.9418336
FRA,2018,556.9418336
FRA,2019,525.80147
FRO,2000,257.8070603
FRO,2001,257.8070603
FRO,2002,257.8070603
FRO,2003,257.8070603
FRO,2004,257.8070603
FRO,2005,257.8070603
FRO,2006,257.8070603
FRO,2007,257.8070603
FRO,2008,257.8070603
FRO,2009,257.8070603
FRO,2010,257.8070603
FRO,2011,257.8070603
FRO,2012,257.8070603
FRO,2013,257.8070603
FRO,2014,257.8070603
FRO,2015,257.8070603
FRO,2016,257.8070603
FRO,2017,296.5051236
FRO,2018,296.5051236
FRO,2019,304.1675708
FSM,2000,1777.416667
FSM,2001,1777.416667
FSM,2002,1777.416667
FSM,2003,1777.416667
FSM,2004,1777.416667
FSM,2005,1777.416667
FSM,2006,1777.416667
FSM,2007,1777.416667
FSM,2008,1777.416667
FSM,2009,1777.416667
FSM,2010,1777.416667
FSM,2011,1777.416667
FSM,2012,1777.416667
FSM,2013,1777.416667
FSM,2014,1777.416667
FSM,2015,1777.416667
FSM,2016,1777.416667
FSM,2017,1712.801749
FSM,2018,1712.801749
FSM,2019,1719.673469
GAB,2000,1125.36908
GAB,2001,1125.36908
GAB,2002,1125.36908
GAB,2003,1125.36908
GAB,2004,1125.36908
GAB,2005,1125.36908
GAB,2006,1125.36908
GAB,2007,1125.36908
GAB,2008,1125.36908
GAB,2009,1125.36908
GAB,2010,1125.36908
GAB,2011,1125.36908
GAB,2012,1125.36908
GAB,2013,1125.36908
GAB,2014,1125.36908
GAB,2015,1125.36908
GAB,2016,1125.36908
GAB,2017,1107.888714
GAB,2018,1107.888714
GAB,2019,1109.515334
GBR,2000,364.6167137
GBR,2001,364.6167137
GBR,2002,364.6167137
GBR,2003,364.6167137
GBR,2004,364.6167137
GBR,2005,364.6167137
GBR,2006,364.6167137
GBR,2007,364.6167137
GBR,2008,364.6167137
GBR,2009,364.6167137
GBR,2010,364.6167137
GBR,2011,364.6167137
GBR,2012,364.6167137
GBR,2013,364.6167137
GBR,2014,364.6167137
GBR,2015,364.6167137
GBR,2016,364.6167137
GBR,2017,342.4781198
GBR,2018,342.4781198
GBR,2019,341.4521857
GEO,2000,574.058375
GEO,2001,574.058375
GEO,2002,574.058375
GEO,2003,574.058375
GEO,2004,574.058375
GEO,2005,574.058375
GEO,2006,574.058375
GEO,2007,574.058375
GEO,2008,574.058375
GEO,2009,574.058375
GEO,2010,574.058375
GEO,2011,574.058375
GEO,2012,574.058375
GEO,2013,574.058375
GEO,2014,574.058375
GEO,2015,574.058375
GEO,2016,574.058375
GEO,2017,535.0301944
GEO,2018,535.0301944
GEO,2019,536.81122
GHA,2000,1159.499288
GHA,2001,1159.499288
GHA,2002,1159.499288
GHA,2003,1159.499288
GHA,2004,1159.499288
GHA,2005,1159.499288
GHA,2006,1159.499288
GHA,2007,1159.499288
GHA,2008,1159.499288
GHA,2009,1159.499288
GHA,2010,1159.499288
GHA,2011,1159.499288
GHA,2012,1159.499288
GHA,2013,1159.499288
GHA,2014,1159.499288
GHA,2015,1159.499288
GHA,2016,1159.499288
GHA,2017,1081.922984
GHA,2018,1081.922984
GHA,2019,1106.253707
GIB,2000,0
GIB,2001,0
GIB,2002,0
GIB,2003,0
GIB,2004,0
GIB,2005,0
GIB,2006,0
GIB,2007,0
GIB,2008,0
GIB,2009,0
GIB,2010,0
GIB,2011,0
GIB,2012,0
GIB,2013,0
GIB,2014,0
GIB,2015,0
GIB,2016,0
GIB,2017,0
GIB,2018,0
GIB,2019,0
GIN,2000,1201.038521
GIN,2001,1201.038521
GIN,2002,1201.038521
GIN,2003,1201.038521
GIN,2004,1201.038521
GIN,2005,1201.038521
GIN,2006,1201.038521
GIN,2007,1201.038521
GIN,2008,1201.038521
GIN,2009,1201.038521
GIN,2010,1201.038521
GIN,2011,1201.038521
GIN,2012,1201.038521
GIN,2013,1201.038521
GIN,2014,1201.038521
GIN,2015,1201.038521
GIN,2016,1201.038521
GIN,2017,1211.644275
GIN,2018,1211.644275
GIN,2019,1142.504876
GMB,2000,1017.908068
GMB,2001,1017.908068
GMB,2002,1017.908068
GMB,2003,1017.908068
GMB,2004,1017.908068
GMB,2005,1017.908068
GMB,2006,1017.908068
GMB,2007,1017.908068
GMB,2008,1017.908068
GMB,2009,1017.908068
GMB,2010,1017.908068
GMB,2011,1017.908068
GMB,2012,1017.908068
GMB,2013,1017.908068
GMB,2014,1017.908068
GMB,2015,1017.908068
GMB,2016,1017.908068
GMB,2017,1117.363515
GMB,2018,1117.363515
GMB,2019,1066.907899
GNB,2000,1326.155968
GNB,2001,1326.155968
GNB,2002,1326.155968
GNB,2003,1326.155968
GNB,2004,1326.155968
GNB,2005,1326.155968
GNB,2006,1326.155968
GNB,2007,1326.155968
GNB,2008,1326.155968
GNB,2009,1326.155968
GNB,2010,1326.155968
GNB,2011,1326.155968
GNB,2012,1326.155968
GNB,2013,1326.155968
GNB,2014,1326.155968
GNB,2015,1326.155968
GNB,2016,1326.155968
GNB,2017,1399.600221
GNB,2018,1399.600221
GNB,2019,1309.428189
GNQ,2000,1099.59146
GNQ,2001,1099.59146
GNQ,2002,1099.59146
GNQ,2003,1099.59146
GNQ,2004,1099.59146
GNQ,2005,1099.59146
GNQ,2006,1099.59146
GNQ,2007,1099.59146
GNQ,2008,1099.59146
GNQ,2009,1099.59146
GNQ,2010,1099.59146
GNQ,2011,1099.59146
GNQ,2012,1099.59146
GNQ,2013,1099.59146
GNQ,2014,1099.59146
GNQ,2015,1099.59146
GNQ,2016,1099.59146
GNQ,2017,1076.184343
GNQ,2018,1076.184343
GNQ,2019,1079.000702
GRC,2000,637.9621808
GRC,2001,637.9621808
GRC,2002,637.9621808
GRC,2003,637.9621808
GRC,2004,637.9621808
GRC,2005,637.9621808
GRC,2006,637.9621808
GRC,2007,637.9621808
GRC,2008,637.9621808
GRC,2009,637.9621808
GRC,2010,637.9621808
GRC,2011,637.9621808
GRC,2012,637.9621808
GRC,2013,637.9621808
GRC,2014,637.9621808
GRC,2015,637.9621808
GRC,2016,637.9621808
GRC,2017,633.4418718
GRC,2018,633.4418718
GRC,2019,648.1906645
GRD,2000,2081.315385
GRD,2001,2081.315385
GRD,2002,2081.315385
GRD,2003,2081.315385
GRD,2004,2081.315385
GRD,2005,2081.315385
GRD,2006,2081.315385
GRD,2007,2081.315385
GRD,2008,2081.315385
GRD,2009,2081.315385
GRD,2010,2081.315385
GRD,2011,2081.315385
GRD,2012,2081.315385
GRD,2013,2081.315385
GRD,2014,2081.315385
GRD,2015,2081.315385
GRD,2016,2081.315385
GRD,2017,2101.206897
GRD,2018,2101.206897
GRD,2019,2073.904215
GRL,2000,10.35570239
GRL,2001,10.35570239
GRL,2002,10.35570239
GRL,2003,10.35570239
GRL,2004,10.35570239
GRL,2005,10.35570239
GRL,2006,10.35570239
GRL,2007,10.35570239
GRL,2008,10.35570239
GRL,2009,10.35570239
GRL,2010,10.35570239
GRL,2011,10.35570239
GRL,2012,10.35570239
GRL,2013,10.35570239
GRL,2014,10.35570239
GRL,2015,10.35570239
GRL,2016,10.35570239
GRL,2017,8.415527662
GRL,2018,8.415527662
GRL,2019,8.254104672
GTM,2000,1068.983044
GTM,2001,1068.983044
GTM,2002,1068.983044
GTM,2003,1068.983044
GTM,2004,1068.983044
GTM,2005,1068.983044
GTM,2006,1068.983044
GTM,2007,1068.983044
GTM,2008,1068.983044
GTM,2009,1068.983044
GTM,2010,1068.983044
GTM,2011,1068.983044
GTM,2012,1068.983044
GTM,2013,1068.983044
GTM,2014,1068.983044
GTM,2015,1068.983044
GTM,2016,1068.983044
GTM,2017,1061.384643
GTM,2018,1061.384643
GTM,2019,1009.748477
GUM,2000,1482.223837
GUM,2001,1482.223837
GUM,2002,1482.223837
GUM,2003,1482.223837
GUM,2004,1482.223837
GUM,2005,1482.223837
GUM,2006,1482.223837
GUM,2007,1482.223837
GUM,2008,1482.223837
GUM,2009,1482.223837
GUM,2010,1482.223837
GUM,2011,1482.223837
GUM,2012,1482.223837
GUM,2013,1482.223837
GUM,2014,1482.223837
GUM,2015,1482.223837
GUM,2016,1482.223837
GUM,2017,1455.677419
GUM,2018,1455.677419
GUM,2019,1402.313783
GUY,2000,1442.593916
GUY,2001,1442.593916
GUY,2002,1442.593916
GUY,2003,1442.593916
GUY,2004,1442.593916
GUY,2005,1442.593916
GUY,2006,1442.593916
GUY,2007,1442.593916
GUY,2008,1442.593916
GUY,2009,1442.593916
GUY,2010,1442.593916
GUY,2011,1442.593916
GUY,2012,1442.593916
GUY,2013,1442.593916
GUY,2014,1442.593916
GUY,2015,1442.593916
GUY,2016,1442.593916
GUY,2017,1424.488605
GUY,2018,1424.488605
GUY,2019,1433.648144
HKG,2000,1098.861486
HKG,2001,1098.861486
HKG,2002,1098.861486
HKG,2003,1098.861486
HKG,2004,1098.861486
HKG,2005,1098.861486
HKG,2006,1098.861486
HKG,2007,1098.861486
HKG,2008,1098.861486
HKG,2009,1098.861486
HKG,2010,1098.861486
HKG,2011,1098.861486
HKG,2012,1098.861486
HKG,2013,1098.861486
HKG,2014,1098.861486
HKG,2015,1098.861486
HKG,2016,1098.861486
HKG,2017,1059.62963
HKG,2018,1059.62963
HKG,2019,1074.038721
HND,2000,1228.816926
HND,2001,1228.816926
HND,2002,1228.816926
HND,2003,1228.816926
HND,2004,1228.816926
HND,2005,1228.816926
HND,2006,1228.816926
HND,2007,1228.816926
HND,2008,1228.816926
HND,2009,1228.816926
HND,2010,1228.816926
HND,2011,1228.816926
HND,2012,1228.816926
HND,2013,1228.816926
HND,2014,1228.816926
HND,2015,1228.816926
HND,2016,1228.816926
HND,2017,1232.767976
HND,2018,1232.767976
HND,2019,1159.452348
HRV,2000,552.9872877
HRV,2001,552.9872877
HRV,2002,552.9872877
HRV,2003,552.9872877
HRV,2004,552.9872877
HRV,2005,552.9872877
HRV,2006,552.9872877
HRV,2007,552.9872877
HRV,2008,552.9872877
HRV,2009,552.9872877
HRV,2010,552.9872877
HRV,2011,552.9872877
HRV,2012,552.9872877
HRV,2013,552.9872877
HRV,2014,552.9872877
HRV,2015,552.9872877
HRV,2016,552.9872877
HRV,2017,522.268759
HRV,2018,522.268759
HRV,2019,525.6033576
HTI,2000,1077.344623
HTI,2001,1077.344623
HTI,2002,1077.344623
HTI,2003,1077.344623
HTI,2004,1077.344623
HTI,2005,1077.344623
HTI,2006,1077.344623
HTI,2007,1077.344623
HTI,2008,1077.344623
HTI,2009,1077.344623
HTI,2010,1077.344623
HTI,2011,1077.344623
HTI,2012,1077.344623
HTI,2013,1077.344623
HTI,2014,1077.344623
HTI,2015,1077.344623
HTI,2016,1077.344623
HTI,2017,1074.15344
HTI,2018,1074.15344
HTI,2019,1025.123669
HUN,2000,399.0796374
HUN,2001,399.0796374
HUN,2002,399.0796374
HUN,2003,399.0796374
HUN,2004,399.0796374
HUN,2005,399.0796374
HUN,2006,399.0796374
HUN,2007,399.0796374
HUN,2008,399.0796374
HUN,2009,399.0796374
HUN,2010,399.0796374
HUN,2011,399.0796374
HUN,2012,399.0796374
HUN,2013,399.0796374
HUN,2014,399.0796374
HUN,2015,399.0796374
HUN,2016,399.0796374
HUN,2017,450.7019625
HUN,2018,450.7019625
HUN,2019,401.7156303
IDN,2000,1270.574397
IDN,2001,1270.574397
IDN,2002,1270.574397
IDN,2003,1270.574397
IDN,2004,1270.574397
IDN,2005,1270.574397
IDN,2006,1270.574397
IDN,2007,1270.574397
IDN,2008,1270.574397
IDN,2009,1270.574397
IDN,2010,1270.574397
IDN,2011,1270.574397
IDN,2012,1270.574397
IDN,2013,1270.574397
IDN,2014,1270.574397
IDN,2015,1270.574397
IDN,2016,1270.574397
IDN,2017,1269.89438
IDN,2018,1269.89438
IDN,2019,1250.645916
IMN,2000,388.5195035
IMN,2001,388.5195035
IMN,2002,388.5195035
IMN,2003,388.5195035
IMN,2004,388.5195035
IMN,2005,388.5195035
IMN,2006,388.5195035
IMN,2007,388.5195035
IMN,2008,388.5195035
IMN,2009,388.5195035
IMN,2010,388.5195035
IMN,2011,388.5195035
IMN,2012,388.5195035
IMN,2013,388.5195035
IMN,2014,388.5195035
IMN,2015,388.5195035
IMN,2016,388.5195035
IMN,2017,331.8888889
IMN,2018,331.8888889
IMN,2019,350
IRL,2000,388.9478608
IRL,2001,388.9478608
IRL,2002,388.9478608
IRL,2003,388.9478608
IRL,2004,388.9478608
IRL,2005,388.9478608
IRL,2006,388.9478608
IRL,2007,388.9478608
IRL,2008,388.9478608
IRL,2009,388.9478608
IRL,2010,388.9478608
IRL,2011,388.9478608
IRL,2012,388.9478608
IRL,2013,388.9478608
IRL,2014,388.9478608
IRL,2015,388.9478608
IRL,2016,388.9478608
IRL,2017,355.3247456
IRL,2018,355.3247456
IRL,2019,397.1548503
IRN,2000,263.8955334
IRN,2001,263.8955334
IRN,2002,263.8955334
IRN,2003,263.8955334
IRN,2004,263.8955334
IRN,2005,263.8955334
IRN,2006,263.8955334
IRN,2007,263.8955334
IRN,2008,263.8955334
IRN,2009,263.8955334
IRN,2010,263.8955334
IRN,2011,263.8955334
IRN,2012,263.8955334
IRN,2013,263.8955334
IRN,2014,263.8955334
IRN,2015,263.8955334
IRN,2016,263.8955334
IRN,2017,124.5583246
IRN,2018,124.5583246
IRN,2019,154.884212
IRQ,2000,252.6658189
IRQ,2001,252.6658189
IRQ,2002,252.6658189
IRQ,2003,252.6658189
IRQ,2004,252.6658189
IRQ,2005,252.6658189
IRQ,2006,252.6658189
IRQ,2007,252.6658189
IRQ,2008,252.6658189
IRQ,2009,252.6658189
IRQ,2010,252.6658189
IRQ,2011,252.6658189
IRQ,2012,252.6658189
IRQ,2013,252.6658189
IRQ,2014,252.6658189
IRQ,2015,252.6658189
IRQ,2016,252.6658189
IRQ,2017,161.7021775
IRQ,2018,161.7021775
IRQ,2019,242.1500296
ISL,2000,187.4766522
ISL,2001,187.4766522
ISL,2002,187.4766522
ISL,2003,187.4766522
ISL,2004,187.4766522
ISL,2005,187.4766522
ISL,2006,187.4766522
ISL,2007,187.4766522
ISL,2008,187.4766522
ISL,2009,187.4766522
ISL,2010,187.4766522
ISL,2011,187.4766522
ISL,2012,187.4766522
ISL,2013,187.4766522
ISL,2014,187.4766522
ISL,2015,187.4766522
ISL,2016,187.4766522
ISL,2017,157.7205204
ISL,2018,157.7205204
ISL,2019,189.3375749
ISR,2000,278.5447391
ISR,2001,278.5447391
ISR,2002,278.5447391
ISR,2003,278.5447391
ISR,2004,278.5447391
ISR,2005,278.5447391
ISR,2006,278.5447391
ISR,2007,278.5447391
ISR,2008,278.5447391
ISR,2009,278.5447391
ISR,2010,278.5447391
ISR,2011,278.5447391
ISR,2012,278.5447391
ISR,2013,278.5447391
ISR,2014,278.5447391
ISR,2015,278.5447391
ISR,2016,278.5447391
ISR,2017,238.7277931
ISR,2018,238.7277931
ISR,2019,280.7003347
ITA,2000,514.9067981
ITA,2001,514.9067981
ITA,2002,514.9067981
ITA,2003,514.9067981
ITA,2004,514.9067981
ITA,2005,514.9067981
ITA,2006,514.9067981
ITA,2007,514.9067981
ITA,2008,514.9067981
ITA,2009,514.9067981
ITA,2010,514.9067981
ITA,2011,514.9067981
ITA,2012,514.9067981
ITA,2013,514.9067981
ITA,2014,514.9067981
ITA,2015,514.9067981
ITA,2016,514.9067981
ITA,2017,493.8569691
ITA,2018,493.8569691
ITA,2019,511.1664913
JAM,2000,1251.902808
JAM,2001,1251.902808
JAM,2002,1251.902808
JAM,2003,1251.902808
JAM,2004,1251.902808
JAM,2005,1251.902808
JAM,2006,1251.902808
JAM,2007,1251.902808
JAM,2008,1251.902808
JAM,2009,1251.902808
JAM,2010,1251.902808
JAM,2011,1251.902808
JAM,2012,1251.902808
JAM,2013,1251.902808
JAM,2014,1251.902808
JAM,2015,1251.902808
JAM,2016,1251.902808
JAM,2017,1264.871702
JAM,2018,1264.871702
JAM,2019,1210.14325
JOR,2000,88.32391386
JOR,2001,88.32391386
JOR,2002,88.32391386
JOR,2003,88.32391386
JOR,2004,88.32391386
JOR,2005,88.32391386
JOR,2006,88.32391386
JOR,2007,88.32391386
JOR,2008,88.32391386
JOR,2009,88.32391386
JOR,2010,88.32391386
JOR,2011,88.32391386
JOR,2012,88.32391386
JOR,2013,88.32391386
JOR,2014,88.32391386
JOR,2015,88.32391386
JOR,2016,88.32391386
JOR,2017,29.8169451
JOR,2018,29.8169451
JOR,2019,38.55894669
JPN,2000,572.2331578
JPN,2001,572.2331578
JPN,2002,572.2331578
JPN,2003,572.2331578
JPN,2004,572.2331578
JPN,2005,572.2331578
JPN,2006,572.2331578
JPN,2007,572.2331578
JPN,2008,572.2331578
JPN,2009,572.2331578
JPN,2010,572.2331578
JPN,2011,572.2331578
JPN,2012,572.2331578
JPN,2013,572.2331578
JPN,2014,572.2331578
JPN,2015,572.2331578
JPN,2016,572.2331578
JPN,2017,572.5233539
JPN,2018,572.5233539
JPN,2019,561.5747289
KAZ,2000,254.8674868
KAZ,2001,254.8674868
KAZ,2002,254.8674868
KAZ,2003,254.8674868
KAZ,2004,254.8674868
KAZ,2005,254.8674868
KAZ,2006,254.8674868
KAZ,2007,254.8674868
KAZ,2008,254.8674868
KAZ,2009,254.8674868
KAZ,2010,254.8674868
KAZ,2011,254.8674868
KAZ,2012,254.8674868
KAZ,2013,254.8674868
KAZ,2014,254.8674868
KAZ,2015,254.8674868
KAZ,2016,254.8674868
KAZ,2017,238.3626864
KAZ,2018,238.3626864
KAZ,2019,155.0110167
KEN,2000,708.6737627
KEN,2001,708.6737627
KEN,2002,708.6737627
KEN,2003,708.6737627
KEN,2004,708.6737627
KEN,2005,708.6737627
KEN,2006,708.6737627
KEN,2007,708.6737627
KEN,2008,708.6737627
KEN,2009,708.6737627
KEN,2010,708.6737627
KEN,2011,708.6737627
KEN,2012,708.6737627
KEN,2013,708.6737627
KEN,2014,708.6737627
KEN,2015,708.6737627
KEN,2016,708.6737627
KEN,2017,527.525651
KEN,2018,527.525651
KEN,2019,634.4178967
KGZ,2000,287.7855998
KGZ,2001,287.7855998
KGZ,2002,287.7855998
KGZ,2003,287.7855998
KGZ,2004,287.7855998
KGZ,2005,287.7855998
KGZ,2006,287.7855998
KGZ,2007,287.7855998
KGZ,2008,287.7855998
KGZ,2009,287.7855998
KGZ,2010,287.7855998
KGZ,2011,287.7855998
KGZ,2012,287.7855998
KGZ,2013,287.7855998
KGZ,2014,287.7855998
KGZ,2015,287.7855998
KGZ,2016,287.7855998
KGZ,2017,295.75897
KGZ,2018,295.75897
KGZ,2019,271.549993
KHM,2000,1188.679277
KHM,2001,1188.679277
KHM,2002,1188.679277
KHM,2003,1188.679277
KHM,2004,1188.679277
KHM,2005,1188.679277
KHM,2006,1188.679277
KHM,2007,1188.679277
KHM,2008,1188.679277
KHM,2009,1188.679277
KHM,2010,1188.679277
KHM,2011,1188.679277
KHM,2012,1188.679277
KHM,2013,1188.679277
KHM,2014,1188.679277
KHM,2015,1188.679277
KHM,2016,1188.679277
KHM,2017,1183.778577
KHM,2018,1183.778577
KHM,2019,1103.348863
KIR,2000,1982.12766
KIR,2001,1982.12766
KIR,2002,1982.12766
KIR,2003,1982.12766
KIR,2004,1982.12766
KIR,2005,1982.12766
KIR,2006,1982.12766
KIR,2007,1982.12766
KIR,2008,1982.12766
KIR,2009,1982.12766
KIR,2010,1982.12766
KIR,2011,1982.12766
KIR,2012,1982.12766
KIR,2013,1982.12766
KIR,2014,1982.12766
KIR,2015,1982.12766
KIR,2016,1982.12766
KIR,2017,1957.75
KIR,2018,1957.75
KIR,2019,1954.288462
KNA,2000,1768.117021
KNA,2001,1768.117021
KNA,2002,1768.117021
KNA,2003,1768.117021
KNA,2004,1768.117021
KNA,2005,1768.117021
KNA,2006,1768.117021
KNA,2007,1768.117021
KNA,2008,1768.117021
KNA,2009,1768.117021
KNA,2010,1768.117021
KNA,2011,1768.117021
KNA,2012,1768.117021
KNA,2013,1768.117021
KNA,2014,1768.117021
KNA,2015,1768.117021
KNA,2016,1768.117021
KNA,2017,1785.191489
KNA,2018,1785.191489
KNA,2019,1701.212766
KOR,2000,680.4173491
KOR,2001,680.4173491
KOR,2002,680.4173491
KOR,2003,680.4173491
KOR,2004,680.4173491
KOR,2005,680.4173491
KOR,2006,680.4173491
KOR,2007,680.4173491
KOR,2008,680.4173491
KOR,2009,680.4173491
KOR,2010,680.4173491
KOR,2011,680.4173491
KOR,2012,680.4173491
KOR,2013,680.4173491
KOR,2014,680.4173491
KOR,2015,680.4173491
KOR,2016,680.4173491
KOR,2017,648.7618234
KOR,2018,648.7618234
KOR,2019,648.859314
KWT,2000,37.22800119
KWT,2001,37.22800119
KWT,2002,37.22800119
KWT,2003,37.22800119
KWT,2004,37.22800119
KWT,2005,37.22800119
KWT,2006,37.22800119
KWT,2007,37.22800119
KWT,2008,37.22800119
KWT,2009,37.22800119
KWT,2010,37.22800119
KWT,2011,37.22800119
KWT,2012,37.22800119
KWT,2013,37.22800119
KWT,2014,37.22800119
KWT,2015,37.22800119
KWT,2016,37.22800119
KWT,2017,4.175005957
KWT,2018,4.175005957
KWT,2019,4.495234691
LAO,2000,1148.829131
LAO,2001,1148.829131
LAO,2002,1148.829131
LAO,2003,1148.829131
LAO,2004,1148.829131
LAO,2005,1148.829131
LAO,2006,1148.829131
LAO,2007,1148.829131
LAO,2008,1148.829131
LAO,2009,1148.829131
LAO,2010,1148.829131
LAO,2011,1148.829131
LAO,2012,1148.829131
LAO,2013,1148.829131
LAO,2014,1148.829131
LAO,2015,1148.829131
LAO,2016,1148.829131
LAO,2017,1140.640852
LAO,2018,1140.640852
LAO,2019,1104.347235
LBN,2000,586.2761217
LBN,2001,586.2761217
LBN,2002,586.2761217
LBN,2003,586.2761217
LBN,2004,586.2761217
LBN,2005,586.2761217
LBN,2006,586.2761217
LBN,2007,586.2761217
LBN,2008,586.2761217
LBN,2009,586.2761217
LBN,2010,586.2761217
LBN,2011,586.2761217
LBN,2012,586.2761217
LBN,2013,586.2761217
LBN,2014,586.2761217
LBN,2015,586.2761217
LBN,2016,586.2761217
LBN,2017,525.9669604
LBN,2018,525.9669604
LBN,2019,613.6124349
LBR,2000,1377.121699
LBR,2001,1377.121699
LBR,2002,1377.121699
LBR,2003,1377.121699
LBR,2004,1377.121699
LBR,2005,1377.121699
LBR,2006,1377.121699
LBR,2007,1377.121699
LBR,2008,1377.121699
LBR,2009,1377.121699
LBR,2010,1377.121699
LBR,2011,1377.121699
LBR,2012,1377.121699
LBR,2013,1377.121699
LBR,2014,1377.121699
LBR,2015,1377.121699
LBR,2016,1377.121699
LBR,2017,1360.853029
LBR,2018,1360.853029
LBR,2019,1342.063444
LBY,2000,8.806708958
LBY,2001,8.806708958
LBY,2002,8.806708958
LBY,2003,8.806708958
LBY,2004,8.806708958
LBY,2005,8.806708958
LBY,2006,8.806708958
LBY,2007,8.806708958
LBY,2008,8.806708958
LBY,2009,8.806708958
LBY,2010,8.806708958
LBY,2011,8.806708958
LBY,2012,8.806708958
LBY,2013,8.806708958
LBY,2014,8.806708958
LBY,2015,8.806708958
LBY,2016,8.806708958
LBY,2017,5.602315789
LBY,2018,5.602315789
LBY,2019,6.031162621
LCA,2000,1518.675906
LCA,2001,1518.675906
LCA,2002,1518.675906
LCA,2003,1518.675906
LCA,2004,1518.675906
LCA,2005,1518.675906
LCA,2006,1518.675906
LCA,2007,1518.675906
LCA,2008,1518.675906
LCA,2009,1518.675906
LCA,2010,1518.675906
LCA,2011,1518.675906
LCA,2012,1518.675906
LCA,2013,1518.675906
LCA,2014,1518.675906
LCA,2015,1518.675906
LCA,2016,1518.675906
LCA,2017,1465.203822
LCA,2018,1465.203822
LCA,2019,1486.915074
LIE,2000,371.6705202
LIE,2001,371.6705202
LIE,2002,371.6705202
LIE,2003,371.6705202
LIE,2004,371.6705202
LIE,2005,371.6705202
LIE,2006,371.6705202
LIE,2007,371.6705202
LIE,2008,371.6705202
LIE,2009,371.6705202
LIE,2010,371.6705202
LIE,2011,371.6705202
LIE,2012,371.6705202
LIE,2013,371.6705202
LIE,2014,371.6705202
LIE,2015,371.6705202
LIE,2016,371.6705202
LIE,2017,370.0505618
LIE,2018,370.0505618
LIE,2019,352.8483146
LKA,2000,1479.335089
LKA,2001,1479.335089
LKA,2002,1479.335089
LKA,2003,1479.335089
LKA,2004,1479.335089
LKA,2005,1479.335089
LKA,2006,1479.335089
LKA,2007,1479.335089
LKA,2008,1479.335089
LKA,2009,1479.335089
LKA,2010,1479.335089
LKA,2011,1479.335089
LKA,2012,1479.335089
LKA,2013,1479.335089
LKA,2014,1479.335089
LKA,2015,1479.335089
LKA,2016,1479.335089
LKA,2017,1459.515523
LKA,2018,1459.515523
LKA,2019,1434.184418
LSO,2000,466.7791297
LSO,2001,466.7791297
LSO,2002,466.7791297
LSO,2003,466.7791297
LSO,2004,466.7791297
LSO,2005,466.7791297
LSO,2006,466.7791297
LSO,2007,466.7791297
LSO,2008,466.7791297
LSO,2009,466.7791297
LSO,2010,466.7791297
LSO,2011,466.7791297
LSO,2012,466.7791297
LSO,2013,466.7791297
LSO,2014,466.7791297
LSO,2015,466.7791297
LSO,2016,466.7791297
LSO,2017,431.5202885
LSO,2018,431.5202885
LSO,2019,351.2615732
LTU,2000,441.7756748
LTU,2001,441.7756748
LTU,2002,441.7756748
LTU,2003,441.7756748
LTU,2004,441.7756748
LTU,2005,441.7756748
LTU,2006,441.7756748
LTU,2007,441.7756748
LTU,2008,441.7756748
LTU,2009,441.7756748
LTU,2010,441.7756748
LTU,2011,441.7756748
LTU,2012,441.7756748
LTU,2013,441.7756748
LTU,2014,441.7756748
LTU,2015,441.7756748
LTU,2016,441.7756748
LTU,2017,476.9668689
LTU,2018,476.9668689
LTU,2019,467.7887819
LUX,2000,416.4383954
LUX,2001,416.4383954
LUX,2002,416.4383954
LUX,2003,416.4383954
LUX,2004,416.4383954
LUX,2005,416.4383954
LUX,2006,416.4383954
LUX,2007,416.4383954
LUX,2008,416.4383954
LUX,2009,416.4383954
LUX,2010,416.4383954
LUX,2011,416.4383954
LUX,2012,416.4383954
LUX,2013,416.4383954
LUX,2014,416.4383954
LUX,2015,416.4383954
LUX,2016,416.4383954
LUX,2017,393.4629046
LUX,2018,393.4629046
LUX,2019,381.7573761
LVA,2000,427.9533895
LVA,2001,427.9533895
LVA,2002,427.9533895
LVA,2003,427.9533895
LVA,2004,427.9533895
LVA,2005,427.9533895
LVA,2006,427.9533895
LVA,2007,427.9533895
LVA,2008,427.9533895
LVA,2009,427.9533895
LVA,2010,427.9533895
LVA,2011,427.9533895
LVA,2012,427.9533895
LVA,2013,427.9533895
LVA,2014,427.9533895
LVA,2015,427.9533895
LVA,2016,427.9533895
LVA,2017,467.4420718
LVA,2018,467.4420718
LVA,2019,459.7566749
MAC,2000,1053.75
MAC,2001,1053.75
MAC,2002,1053.75
MAC,2003,1053.75
MAC,2004,1053.75
MAC,2005,1053.75
MAC,2006,1053.75
MAC,2007,1053.75
MAC,2008,1053.75
MAC,2009,1053.75
MAC,2010,1053.75
MAC,2011,1053.75
MAC,2012,1053.75
MAC,2013,1053.75
MAC,2014,1053.75
MAC,2015,1053.75
MAC,2016,1053.75
MAC,2017,1034.166667
MAC,2018,1034.166667
MAC,2019,1065.833333
MAR,2000,268.2019181
MAR,2001,268.2019181
MAR,2002,268.2019181
MAR,2003,268.2019181
MAR,2004,268.2019181
MAR,2005,268.2019181
MAR,2006,268.2019181
MAR,2007,268.2019181
MAR,2008,268.2019181
MAR,2009,268.2019181
MAR,2010,268.2019181
MAR,2011,268.2019181
MAR,2012,268.2019181
MAR,2013,268.2019181
MAR,2014,268.2019181
MAR,2015,268.2019181
MAR,2016,268.2019181
MAR,2017,193.697206
MAR,2018,193.697206
MAR,2019,197.6840253
MCO,2000,604.8333333
MCO,2001,604.8333333
MCO,2002,604.8333333
MCO,2003,604.8333333
MCO,2004,604.8333333
MCO,2005,604.8333333
MCO,2006,604.8333333
MCO,2007,604.8333333
MCO,2008,604.8333333
MCO,2009,604.8333333
MCO,2010,604.8333333
MCO,2011,604.8333333
MCO,2012,604.8333333
MCO,2013,604.8333333
MCO,2014,604.8333333
MCO,2015,604.8333333
MCO,2016,604.8333333
MCO,2017,691.6666667
MCO,2018,691.6666667
MCO,2019,621.6666667
MDA,2000,271.2068093
MDA,2001,271.2068093
MDA,2002,271.2068093
MDA,2003,271.2068093
MDA,2004,271.2068093
MDA,2005,271.2068093
MDA,2006,271.2068093
MDA,2007,271.2068093
MDA,2008,271.2068093
MDA,2009,271.2068093
MDA,2010,271.2068093
MDA,2011,271.2068093
MDA,2012,271.2068093
MDA,2013,271.2068093
MDA,2014,271.2068093
MDA,2015,271.2068093
MDA,2016,271.2068093
MDA,2017,419.0458811
MDA,2018,419.0458811
MDA,2019,352.8112753
MDG,2000,813.0373031
MDG,2001,813.0373031
MDG,2002,813.0373031
MDG,2003,813.0373031
MDG,2004,813.0373031
MDG,2005,813.0373031
MDG,2006,813.0373031
MDG,2007,813.0373031
MDG,2008,813.0373031
MDG,2009,813.0373031
MDG,2010,813.0373031
MDG,2011,813.0373031
MDG,2012,813.0373031
MDG,2013,813.0373031
MDG,2014,813.0373031
MDG,2015,813.0373031
MDG,2016,813.0373031
MDG,2017,758.7967938
MDG,2018,758.7967938
MDG,2019,778.5884922
MDV,2000,1852.571429
MDV,2001,1852.571429
MDV,2002,1852.571429
MDV,2003,1852.571429
MDV,2004,1852.571429
MDV,2005,1852.571429
MDV,2006,1852.571429
MDV,2007,1852.571429
MDV,2008,1852.571429
MDV,2009,1852.571429
MDV,2010,1852.571429
MDV,2011,1852.571429
MDV,2012,1852.571429
MDV,2013,1852.571429
MDV,2014,1852.571429
MDV,2015,1852.571429
MDV,2016,1852.571429
MDV,2017,1852.111111
MDV,2018,1852.111111
MDV,2019,1852.111111
MEX,2000,684.0933874
MEX,2001,684.0933874
MEX,2002,684.0933874
MEX,2003,684.0933874
MEX,2004,684.0933874
MEX,2005,684.0933874
MEX,2006,684.0933874
MEX,2007,684.0933874
MEX,2008,684.0933874
MEX,2009,684.0933874
MEX,2010,684.0933874
MEX,2011,684.0933874
MEX,2012,684.0933874
MEX,2013,684.0933874
MEX,2014,684.0933874
MEX,2015,684.0933874
MEX,2016,684.0933874
MEX,2017,661.6115699
MEX,2018,661.6115699
MEX,2019,659.2755236
MHL,2000,1810.285714
MHL,2001,1810.285714
MHL,2002,1810.285714
MHL,2003,1810.285714
MHL,2004,1810.285714
MHL,2005,1810.285714
MHL,2006,1810.285714
MHL,2007,1810.285714
MHL,2008,1810.285714
MHL,2009,1810.285714
MHL,2010,1810.285714
MHL,2011,1810.285714
MHL,2012,1810.285714
MHL,2013,1810.285714
MHL,2014,1810.285714
MHL,2015,1810.285714
MHL,2016,1810.285714
MHL,2017,1824.6
MHL,2018,1824.6
MHL,2019,1824.6
MKD,2000,463.2428154
MKD,2001,463.2428154
MKD,2002,463.2428154
MKD,2003,463.2428154
MKD,2004,463.2428154
MKD,2005,463.2428154
MKD,2006,463.2428154
MKD,2007,463.2428154
MKD,2008,463.2428154
MKD,2009,463.2428154
MKD,2010,463.2428154
MKD,2011,463.2428154
MKD,2012,463.2428154
MKD,2013,463.2428154
MKD,2014,463.2428154
MKD,2015,463.2428154
MKD,2016,463.2428154
MKD,2017,451.5773049
MKD,2018,451.5773049
MKD,2019,479.2615583
MLI,2000,326.3057499
MLI,2001,326.3057499
MLI,2002,326.3057499
MLI,2003,326.3057499
MLI,2004,326.3057499
MLI,2005,326.3057499
MLI,2006,326.3057499
MLI,2007,326.3057499
MLI,2008,326.3057499
MLI,2009,326.3057499
MLI,2010,326.3057499
MLI,2011,326.3057499
MLI,2012,326.3057499
MLI,2013,326.3057499
MLI,2014,326.3057499
MLI,2015,326.3057499
MLI,2016,326.3057499
MLI,2017,334.1648918
MLI,2018,334.1648918
MLI,2019,278.2541489
MLT,2000,685.6756757
MLT,2001,685.6756757
MLT,2002,685.6756757
MLT,2003,685.6756757
MLT,2004,685.6756757
MLT,2005,685.6756757
MLT,2006,685.6756757
MLT,2007,685.6756757
MLT,2008,685.6756757
MLT,2009,685.6756757
MLT,2010,685.6756757
MLT,2011,685.6756757
MLT,2012,685.6756757
MLT,2013,685.6756757
MLT,2014,685.6756757
MLT,2015,685.6756757
MLT,2016,685.6756757
MLT,2017,731.9406393
MLT,2018,731.9406393
MLT,2019,752.0228311
MMR,2000,1010.600076
MMR,2001,1010.600076
MMR,2002,1010.600076
MMR,2003,1010.600076
MMR,2004,1010.600076
MMR,2005,1010.600076
MMR,2006,1010.600076
MMR,2007,1010.600076
MMR,2008,1010.600076
MMR,2009,1010.600076
MMR,2010,1010.600076
MMR,2011,1010.600076
MMR,2012,1010.600076
MMR,2013,1010.600076
MMR,2014,1010.600076
MMR,2015,1010.600076
MMR,2016,1010.600076
MMR,2017,1031.141333
MMR,2018,1031.141333
MMR,2019,1009.102215
MNE,2000,522.0829228
MNE,2001,522.0829228
MNE,2002,522.0829228
MNE,2003,522.0829228
MNE,2004,522.0829228
MNE,2005,522.0829228
MNE,2006,522.0829228
MNE,2007,522.0829228
MNE,2008,522.0829228
MNE,2009,522.0829228
MNE,2010,522.0829228
MNE,2011,522.0829228
MNE,2012,522.0829228
MNE,2013,522.0829228
MNE,2014,522.0829228
MNE,2015,522.0829228
MNE,2016,522.0829228
MNE,2017,539.0470558
MNE,2018,539.0470558
MNE,2019,550.9435836
MNG,2000,133.0228902
MNG,2001,133.0228902
MNG,2002,133.0228902
MNG,2003,133.0228902
MNG,2004,133.0228902
MNG,2005,133.0228902
MNG,2006,133.0228902
MNG,2007,133.0228902
MNG,2008,133.0228902
MNG,2009,133.0228902
MNG,2010,133.0228902
MNG,2011,133.0228902
MNG,2012,133.0228902
MNG,2013,133.0228902
MNG,2014,133.0228902
MNG,2015,133.0228902
MNG,2016,133.0228902
MNG,2017,119.8270237
MNG,2018,119.8270237
MNG,2019,134.9108866
MNP,2000,1881.893333
MNP,2001,1881.893333
MNP,2002,1881.893333
MNP,2003,1881.893333
MNP,2004,1881.893333
MNP,2005,1881.893333
MNP,2006,1881.893333
MNP,2007,1881.893333
MNP,2008,1881.893333
MNP,2009,1881.893333
MNP,2010,1881.893333
MNP,2011,1881.893333
MNP,2012,1881.893333
MNP,2013,1881.893333
MNP,2014,1881.893333
MNP,2015,1881.893333
MNP,2016,1881.893333
MNP,2017,1922.238095
MNP,2018,1922.238095
MNP,2019,1880.904762
MOZ,2000,940.2134512
MOZ,2001,940.2134512
MOZ,2002,940.2134512
MOZ,2003,940.2134512
MOZ,2004,940.2134512
MOZ,2005,940.2134512
MOZ,2006,940.2134512
MOZ,2007,940.2134512
MOZ,2008,940.2134512
MOZ,2009,940.2134512
MOZ,2010,940.2134512
MOZ,2011,940.2134512
MOZ,2012,940.2134512
MOZ,2013,940.2134512
MOZ,2014,940.2134512
MOZ,2015,940.2134512
MOZ,2016,940.2134512
MOZ,2017,923.5725859
MOZ,2018,923.5725859
MOZ,2019,904.9127787
MRT,2000,85.18429835
MRT,2001,85.18429835
MRT,2002,85.18429835
MRT,2003,85.18429835
MRT,2004,85.18429835
MRT,2005,85.18429835
MRT,2006,85.18429835
MRT,2007,85.18429835
MRT,2008,85.18429835
MRT,2009,85.18429835
MRT,2010,85.18429835
MRT,2011,85.18429835
MRT,2012,85.18429835
MRT,2013,85.18429835
MRT,2014,85.18429835
MRT,2015,85.18429835
MRT,2016,85.18429835
MRT,2017,76.12959835
MRT,2018,76.12959835
MRT,2019,61.45468229
MUS,2000,1034.988417
MUS,2001,1034.988417
MUS,2002,1034.988417
MUS,2003,1034.988417
MUS,2004,1034.988417
MUS,2005,1034.988417
MUS,2006,1034.988417
MUS,2007,1034.988417
MUS,2008,1034.988417
MUS,2009,1034.988417
MUS,2010,1034.988417
MUS,2011,1034.988417
MUS,2012,1034.988417
MUS,2013,1034.988417
MUS,2014,1034.988417
MUS,2015,1034.988417
MUS,2016,1034.988417
MUS,2017,997.4724005
MUS,2018,997.4724005
MUS,2019,1036.665597
MWI,2000,831.561166
MWI,2001,831.561166
MWI,2002,831.561166
MWI,2003,831.561166
MWI,2004,831.561166
MWI,2005,831.561166
MWI,2006,831.561166
MWI,2007,831.561166
MWI,2008,831.561166
MWI,2009,831.561166
MWI,2010,831.561166
MWI,2011,831.561166
MWI,2012,831.561166
MWI,2013,831.561166
MWI,2014,831.561166
MWI,2015,831.561166
MWI,2016,831.561166
MWI,2017,767.0230501
MWI,2018,767.0230501
MWI,2019,790.4471251
MYS,2000,1314.979984
MYS,2001,1314.979984
MYS,2002,1314.979984
MYS,2003,1314.979984
MYS,2004,1314.979984
MYS,2005,1314.979984
MYS,2006,1314.979984
MYS,2007,1314.979984
MYS,2008,1314.979984
MYS,2009,1314.979984
MYS,2010,1314.979984
MYS,2011,1314.979984
MYS,2012,1314.979984
MYS,2013,1314.979984
MYS,2014,1314.979984
MYS,2015,1314.979984
MYS,2016,1314.979984
MYS,2017,1306.945965
MYS,2018,1306.945965
MYS,2019,1297.893479
NAM,2000,162.2299774
NAM,2001,162.2299774
NAM,2002,162.2299774
NAM,2003,162.2299774
NAM,2004,162.2299774
NAM,2005,162.2299774
NAM,2006,162.2299774
NAM,2007,162.2299774
NAM,2008,162.2299774
NAM,2009,162.2299774
NAM,2010,162.2299774
NAM,2011,162.2299774
NAM,2012,162.2299774
NAM,2013,162.2299774
NAM,2014,162.2299774
NAM,2015,162.2299774
NAM,2016,162.2299774
NAM,2017,298.8857877
NAM,2018,298.8857877
NAM,2019,136.2816541
NCL,2000,1099.972892
NCL,2001,1099.972892
NCL,2002,1099.972892
NCL,2003,1099.972892
NCL,2004,1099.972892
NCL,2005,1099.972892
NCL,2006,1099.972892
NCL,2007,1099.972892
NCL,2008,1099.972892
NCL,2009,1099.972892
NCL,2010,1099.972892
NCL,2011,1099.972892
NCL,2012,1099.972892
NCL,2013,1099.972892
NCL,2014,1099.972892
NCL,2015,1099.972892
NCL,2016,1099.972892
NCL,2017,1092.623346
NCL,2018,1092.623346
NCL,2019,1098.062883
NER,2000,150.7758555
NER,2001,150.7758555
NER,2002,150.7758555
NER,2003,150.7758555
NER,2004,150.7758555
NER,2005,150.7758555
NER,2006,150.7758555
NER,2007,150.7758555
NER,2008,150.7758555
NER,2009,150.7758555
NER,2010,150.7758555
NER,2011,150.7758555
NER,2012,150.7758555
NER,2013,150.7758555
NER,2014,150.7758555
NER,2015,150.7758555
NER,2016,150.7758555
NER,2017,127.3565976
NER,2018,127.3565976
NER,2019,124.7500572
NGA,2000,1017.243006
NGA,2001,1017.243006
NGA,2002,1017.243006
NGA,2003,1017.243006
NGA,2004,1017.243006
NGA,2005,1017.243006
NGA,2006,1017.243006
NGA,2007,1017.243006
NGA,2008,1017.243006
NGA,2009,1017.243006
NGA,2010,1017.243006
NGA,2011,1017.243006
NGA,2012,1017.243006
NGA,2013,1017.243006
NGA,2014,1017.243006
NGA,2015,1017.243006
NGA,2016,1017.243006
NGA,2017,936.9064036
NGA,2018,936.9064036
NGA,2019,982.3589485
NIC,2000,1178.878764
NIC,2001,1178.878764
NIC,2002,1178.878764
NIC,2003,1178.878764
NIC,2004,1178.878764
NIC,2005,1178.878764
NIC,2006,1178.878764
NIC,2007,1178.878764
NIC,2008,1178.878764
NIC,2009,1178.878764
NIC,2010,1178.878764
NIC,2011,1178.878764
NIC,2012,1178.878764
NIC,2013,1178.878764
NIC,2014,1178.878764
NIC,2015,1178.878764
NIC,2016,1178.878764
NIC,2017,1215.454763
NIC,2018,1215.454763
NIC,2019,1155.906556
NIU,2000,1933.723529
NIU,2001,1933.723529
NIU,2002,1933.723529
NIU,2003,1933.723529
NIU,2004,1933.723529
NIU,2005,1933.723529
NIU,2006,1933.723529
NIU,2007,1933.723529
NIU,2008,1933.723529
NIU,2009,1933.723529
NIU,2010,1933.723529
NIU,2011,1933.723529
NIU,2012,1933.723529
NIU,2013,1933.723529
NIU,2014,1933.723529
NIU,2015,1933.723529
NIU,2016,1933.723529
NIU,2017,1872.512195
NIU,2018,1872.512195
NIU,2019,1886.817073
NLD,2000,418.2158725
NLD,2001,418.2158725
NLD,2002,418.2158725
NLD,2003,418.2158725
NLD,2004,418.2158725
NLD,2005,418.2158725
NLD,2006,418.2158725
NLD,2007,418.2158725
NLD,2008,418.2158725
NLD,2009,418.2158725
NLD,2010,418.2158725
NLD,2011,418.2158725
NLD,2012,418.2158725
NLD,2013,418.2158725
NLD,2014,418.2158725
NLD,2015,418.2158725
NLD,2016,418.2158725
NLD,2017,365.868803
NLD,2018,365.868803
NLD,2019,363.6133923
NOR,2000,0
NOR,2001,0
NOR,2002,0
NOR,2003,0
NOR,2004,0
NOR,2005,0
NOR,2006,0
NOR,2007,0
NOR,2008,0
NOR,2009,0
NOR,2010,0
NOR,2011,0
NOR,2012,0
NOR,2013,0
NOR,2014,0
NOR,2015,0
NOR,2016,0
NOR,2017,0
NOR,2018,0
NOR,2019,0
NPL,2000,735.4766306
NPL,2001,735.4766306
NPL,2002,735.4766306
NPL,2003,735.4766306
NPL,2004,735.4766306
NPL,2005,735.4766306
NPL,2006,735.4766306
NPL,2007,735.4766306
NPL,2008,735.4766306
NPL,2009,735.4766306
NPL,2010,735.4766306
NPL,2011,735.4766306
NPL,2012,735.4766306
NPL,2013,735.4766306
NPL,2014,735.4766306
NPL,2015,735.4766306
NPL,2016,735.4766306
NPL,2017,744.697737
NPL,2018,744.697737
NPL,2019,753.7624236
NRU,2000,0
NRU,2001,0
NRU,2002,0
NRU,2003,0
NRU,2004,0
NRU,2005,0
NRU,2006,0
NRU,2007,0
NRU,2008,0
NRU,2009,0
NRU,2010,0
NRU,2011,0
NRU,2012,0
NRU,2013,0
NRU,2014,0
NRU,2015,0
NRU,2016,0
NRU,2017,0
NRU,2018,0
NRU,2019,0
NZL,2000,498.1061886
NZL,2001,498.1061886
NZL,2002,498.1061886
NZL,2003,498.1061886
NZL,2004,498.1061886
NZL,2005,498.1061886
NZL,2006,498.1061886
NZL,2007,498.1061886
NZL,2008,498.1061886
NZL,2009,498.1061886
NZL,2010,498.1061886
NZL,2011,498.1061886
NZL,2012,498.1061886
NZL,2013,498.1061886
NZL,2014,498.1061886
NZL,2015,498.1061886
NZL,2016,498.1061886
NZL,2017,498.7224725
NZL,2018,498.7224725
NZL,2019,493.1556029
OMN,2000,22.92351143
OMN,2001,22.92351143
OMN,2002,22.92351143
OMN,2003,22.92351143
OMN,2004,22.92351143
OMN,2005,22.92351143
OMN,2006,22.92351143
OMN,2007,22.92351143
OMN,2008,22.92351143
OMN,2009,22.92351143
OMN,2010,22.92351143
OMN,2011,22.92351143
OMN,2012,22.92351143
OMN,2013,22.92351143
OMN,2014,22.92351143
OMN,2015,22.92351143
OMN,2016,22.92351143
OMN,2017,3.675058695
OMN,2018,3.675058695
OMN,2019,4.144051512
PAK,2000,535.1348336
PAK,2001,535.1348336
PAK,2002,535.1348336
PAK,2003,535.1348336
PAK,2004,535.1348336
PAK,2005,535.1348336
PAK,2006,535.1348336
PAK,2007,535.1348336
PAK,2008,535.1348336
PAK,2009,535.1348336
PAK,2010,535.1348336
PAK,2011,535.1348336
PAK,2012,535.1348336
PAK,2013,535.1348336
PAK,2014,535.1348336
PAK,2015,535.1348336
PAK,2016,535.1348336
PAK,2017,459.2993934
PAK,2018,459.2993934
PAK,2019,479.0419946
PAN,2000,1199.085838
PAN,2001,1199.085838
PAN,2002,1199.085838
PAN,2003,1199.085838
PAN,2004,1199.085838
PAN,2005,1199.085838
PAN,2006,1199.085838
PAN,2007,1199.085838
PAN,2008,1199.085838
PAN,2009,1199.085838
PAN,2010,1199.085838
PAN,2011,1199.085838
PAN,2012,1199.085838
PAN,2013,1199.085838
PAN,2014,1199.085838
PAN,2015,1199.085838
PAN,2016,1199.085838
PAN,2017,1188.852725
PAN,2018,1188.852725
PAN,2019,1167.854232
PER,2000,835.2099216
PER,2001,835.2099216
PER,2002,835.2099216
PER,2003,835.2099216
PER,2004,835.2099216
PER,2005,835.2099216
PER,2006,835.2099216
PER,2007,835.2099216
PER,2008,835.2099216
PER,2009,835.2099216
PER,2010,835.2099216
PER,2011,835.2099216
PER,2012,835.2099216
PER,2013,835.2099216
PER,2014,835.2099216
PER,2015,835.2099216
PER,2016,835.2099216
PER,2017,844.1690019
PER,2018,844.1690019
PER,2019,832.512762
PHL,2000,1219.28683
PHL,2001,1219.28683
PHL,2002,1219.28683
PHL,2003,1219.28683
PHL,2004,1219.28683
PHL,2005,1219.28683
PHL,2006,1219.28683
PHL,2007,1219.28683
PHL,2008,1219.28683
PHL,2009,1219.28683
PHL,2010,1219.28683
PHL,2011,1219.28683
PHL,2012,1219.28683
PHL,2013,1219.28683
PHL,2014,1219.28683
PHL,2015,1219.28683
PHL,2016,1219.28683
PHL,2017,1253.095559
PHL,2018,1253.095559
PHL,2019,1196.728852
PLW,2000,1563.444444
PLW,2001,1563.444444
PLW,2002,1563.444444
PLW,2003,1563.444444
PLW,2004,1563.444444
PLW,2005,1563.444444
PLW,2006,1563.444444
PLW,2007,1563.444444
PLW,2008,1563.444444
PLW,2009,1563.444444
PLW,2010,1563.444444
PLW,2011,1563.444444
PLW,2012,1563.444444
PLW,2013,1563.444444
PLW,2014,1563.444444
PLW,2015,1563.444444
PLW,2016,1563.444444
PLW,2017,1540.555
PLW,2018,1540.555
PLW,2019,1522.155
PNG,2000,1215.214269
PNG,2001,1215.214269
PNG,2002,1215.214269
PNG,2003,1215.214269
PNG,2004,1215.214269
PNG,2005,1215.214269
PNG,2006,1215.214269
PNG,2007,1215.214269
PNG,2008,1215.214269
PNG,2009,1215.214269
PNG,2010,1215.214269
PNG,2011,1215.214269
PNG,2012,1215.214269
PNG,2013,1215.214269
PNG,2014,1215.214269
PNG,2015,1215.214269
PNG,2016,1215.214269
PNG,2017,1206.817293
PNG,2018,1206.817293
PNG,2019,1202.911485
POL,2000,450.389613
POL,2001,450.389613
POL,2002,450.389613
POL,2003,450.389613
POL,2004,450.389613
POL,2005,450.389613
POL,2006,450.389613
POL,2007,450.389613
POL,2008,450.389613
POL,2009,450.389613
POL,2010,450.389613
POL,2011,450.389613
POL,2012,450.389613
POL,2013,450.389613
POL,2014,450.389613
POL,2015,450.389613
POL,2016,450.389613
POL,2017,456.4186728
POL,2018,456.4186728
POL,2019,475.7806452
PRI,2000,1353.642782
PRI,2001,1353.642782
PRI,2002,1353.642782
PRI,2003,1353.642782
PRI,2004,1353.642782
PRI,2005,1353.642782
PRI,2006,1353.642782
PRI,2007,1353.642782
PRI,2008,1353.642782
PRI,2009,1353.642782
PRI,2010,1353.642782
PRI,2011,1353.642782
PRI,2012,1353.642782
PRI,2013,1353.642782
PRI,2014,1353.642782
PRI,2015,1353.642782
PRI,2016,1353.642782
PRI,2017,1330.361853
PRI,2018,1330.361853
PRI,2019,1329.817165
PRK,2000,551.1434684
PRK,2001,551.1434684
PRK,2002,551.1434684
PRK,2003,551.1434684
PRK,2004,551.1434684
PRK,2005,551.1434684
PRK,2006,551.1434684
PRK,2007,551.1434684
PRK,2008,551.1434684
PRK,2009,551.1434684
PRK,2010,551.1434684
PRK,2011,551.1434684
PRK,2012,551.1434684
PRK,2013,551.1434684
PRK,2014,551.1434684
PRK,2015,551.1434684
PRK,2016,551.1434684
PRK,2017,519.9722403
PRK,2018,519.9722403
PRK,2019,521.0060621
PRT,2000,579.3221661
PRT,2001,579.3221661
PRT,2002,579.3221661
PRT,2003,579.3221661
PRT,2004,579.3221661
PRT,2005,579.3221661
PRT,2006,579.3221661
PRT,2007,579.3221661
PRT,2008,579.3221661
PRT,2009,579.3221661
PRT,2010,579.3221661
PRT,2011,579.3221661
PRT,2012,579.3221661
PRT,2013,579.3221661
PRT,2014,579.3221661
PRT,2015,579.3221661
PRT,2016,579.3221661
PRT,2017,456.9718683
PRT,2018,456.9718683
PRT,2019,462.5717447
PRY,2000,1040.376901
PRY,2001,1040.376901
PRY,2002,1040.376901
PRY,2003,1040.376901
PRY,2004,1040.376901
PRY,2005,1040.376901
PRY,2006,1040.376901
PRY,2007,1040.376901
PRY,2008,1040.376901
PRY,2009,1040.376901
PRY,2010,1040.376901
PRY,2011,1040.376901
PRY,2012,1040.376901
PRY,2013,1040.376901
PRY,2014,1040.376901
PRY,2015,1040.376901
PRY,2016,1040.376901
PRY,2017,1071.135979
PRY,2018,1071.135979
PRY,2019,1079.931721
PSE,2000,410.928594
PSE,2001,410.928594
PSE,2002,410.928594
PSE,2003,410.928594
PSE,2004,410.928594
PSE,2005,410.928594
PSE,2006,410.928594
PSE,2007,410.928594
PSE,2008,410.928594
PSE,2009,410.928594
PSE,2010,410.928594
PSE,2011,410.928594
PSE,2012,410.928594
PSE,2013,410.928594
PSE,2014,410.928594
PSE,2015,410.928594
PSE,2016,410.928594
PSE,2017,344.0806324
PSE,2018,344.0806324
PSE,2019,457.4316206
PYF,2000,1804.25662
PYF,2001,1804.25662
PYF,2002,1804.25662
PYF,2003,1804.25662
PYF,2004,1804.25662
PYF,2005,1804.25662
PYF,2006,1804.25662
PYF,2007,1804.25662
PYF,2008,1804.25662
PYF,2009,1804.25662
PYF,2010,1804.25662
PYF,2011,1804.25662
PYF,2012,1804.25662
PYF,2013,1804.25662
PYF,2014,1804.25662
PYF,2015,1804.25662
PYF,2016,1804.25662
PYF,2017,1812.123364
PYF,2018,1812.123364
PYF,2019,1777.08972
QAT,2000,30.71180174
QAT,2001,30.71180174
QAT,2002,30.71180174
QAT,2003,30.71180174
QAT,2004,30.71180174
QAT,2005,30.71180174
QAT,2006,30.71180174
QAT,2007,30.71180174
QAT,2008,30.71180174
QAT,2009,30.71180174
QAT,2010,30.71180174
QAT,2011,30.71180174
QAT,2012,30.71180174
QAT,2013,30.71180174
QAT,2014,30.71180174
QAT,2015,30.71180174
QAT,2016,30.71180174
QAT,2017,4.191478747
QAT,2018,4.191478747
QAT,2019,4.527938535
ROU,2000,405.8923549
ROU,2001,405.8923549
ROU,2002,405.8923549
ROU,2003,405.8923549
ROU,2004,405.8923549
ROU,2005,405.8923549
ROU,2006,405.8923549
ROU,2007,405.8923549
ROU,2008,405.8923549
ROU,2009,405.8923549
ROU,2010,405.8923549
ROU,2011,405.8923549
ROU,2012,405.8923549
ROU,2013,405.8923549
ROU,2014,405.8923549
ROU,2015,405.8923549
ROU,2016,405.8923549
ROU,2017,438.7739946
ROU,2018,438.7739946
ROU,2019,410.9043723
RWA,2000,817.6842415
RWA,2001,817.6842415
RWA,2002,817.6842415
RWA,2003,817.6842415
RWA,2004,817.6842415
RWA,2005,817.6842415
RWA,2006,817.6842415
RWA,2007,817.6842415
RWA,2008,817.6842415
RWA,2009,817.6842415
RWA,2010,817.6842415
RWA,2011,817.6842415
RWA,2012,817.6842415
RWA,2013,817.6842415
RWA,2014,817.6842415
RWA,2015,817.6842415
RWA,2016,817.6842415
RWA,2017,713.2817144
RWA,2018,713.2817144
RWA,2019,789.6636009
SAU,2000,19.92768181
SAU,2001,19.92768181
SAU,2002,19.92768181
SAU,2003,19.92768181
SAU,2004,19.92768181
SAU,2005,19.92768181
SAU,2006,19.92768181
SAU,2007,19.92768181
SAU,2008,19.92768181
SAU,2009,19.92768181
SAU,2010,19.92768181
SAU,2011,19.92768181
SAU,2012,19.92768181
SAU,2013,19.92768181
SAU,2014,19.92768181
SAU,2015,19.92768181
SAU,2016,19.92768181
SAU,2017,5.642481051
SAU,2018,5.642481051
SAU,2019,5.320976114
SDN,2000,214.9626897
SDN,2001,214.9626897
SDN,2002,214.9626897
SDN,2003,214.9626897
SDN,2004,214.9626897
SDN,2005,214.9626897
SDN,2006,214.9626897
SDN,2007,214.9626897
SDN,2008,214.9626897
SDN,2009,214.9626897
SDN,2010,214.9626897
SDN,2011,214.9626897
SDN,2012,214.9626897
SDN,2013,214.9626897
SDN,2014,214.9626897
SDN,2015,214.9626897
SDN,2016,214.9626897
SDN,2017,194.73042
SDN,2018,194.73042
SDN,2019,199.3595852
SEN,2000,750.706054
SEN,2001,750.706054
SEN,2002,750.706054
SEN,2003,750.706054
SEN,2004,750.706054
SEN,2005,750.706054
SEN,2006,750.706054
SEN,2007,750.706054
SEN,2008,750.706054
SEN,2009,750.706054
SEN,2010,750.706054
SEN,2011,750.706054
SEN,2012,750.706054
SEN,2013,750.706054
SEN,2014,750.706054
SEN,2015,750.706054
SEN,2016,750.706054
SEN,2017,821.3626278
SEN,2018,821.3626278
SEN,2019,713.7628639
SGP,2000,1164.868421
SGP,2001,1164.868421
SGP,2002,1164.868421
SGP,2003,1164.868421
SGP,2004,1164.868421
SGP,2005,1164.868421
SGP,2006,1164.868421
SGP,2007,1164.868421
SGP,2008,1164.868421
SGP,2009,1164.868421
SGP,2010,1164.868421
SGP,2011,1164.868421
SGP,2012,1164.868421
SGP,2013,1164.868421
SGP,2014,1164.868421
SGP,2015,1164.868421
SGP,2016,1164.868421
SGP,2017,1159.668421
SGP,2018,1159.668421
SGP,2019,1081.542105
SLB,2000,1342.693012
SLB,2001,1342.693012
SLB,2002,1342.693012
SLB,2003,1342.693012
SLB,2004,1342.693012
SLB,2005,1342.693012
SLB,2006,1342.693012
SLB,2007,1342.693012
SLB,2008,1342.693012
SLB,2009,1342.693012
SLB,2010,1342.693012
SLB,2011,1342.693012
SLB,2012,1342.693012
SLB,2013,1342.693012
SLB,2014,1342.693012
SLB,2015,1342.693012
SLB,2016,1342.693012
SLB,2017,1326.370339
SLB,2018,1326.370339
SLB,2019,1322.965367
SLE,2000,1348.479153
SLE,2001,1348.479153
SLE,2002,1348.479153
SLE,2003,1348.479153
SLE,2004,1348.479153
SLE,2005,1348.479153
SLE,2006,1348.479153
SLE,2007,1348.479153
SLE,2008,1348.479153
SLE,2009,1348.479153
SLE,2010,1348.479153
SLE,2011,1348.479153
SLE,2012,1348.479153
SLE,2013,1348.479153
SLE,2014,1348.479153
SLE,2015,1348.479153
SLE,2016,1348.479153
SLE,2017,1352.233268
SLE,2018,1352.233268
SLE,2019,1299.510699
SLV,2000,1013.319388
SLV,2001,1013.319388
SLV,2002,1013.319388
SLV,2003,1013.319388
SLV,2004,1013.319388
SLV,2005,1013.319388
SLV,2006,1013.319388
SLV,2007,1013.319388
SLV,2008,1013.319388
SLV,2009,1013.319388
SLV,2010,1013.319388
SLV,2011,1013.319388
SLV,2012,1013.319388
SLV,2013,1013.319388
SLV,2014,1013.319388
SLV,2015,1013.319388
SLV,2016,1013.319388
SLV,2017,1000.819095
SLV,2018,1000.819095
SLV,2019,994.8466603
SMR,2000,411.4594595
SMR,2001,411.4594595
SMR,2002,411.4594595
SMR,2003,411.4594595
SMR,2004,411.4594595
SMR,2005,411.4594595
SMR,2006,411.4594595
SMR,2007,411.4594595
SMR,2008,411.4594595
SMR,2009,411.4594595
SMR,2010,411.4594595
SMR,2011,411.4594595
SMR,2012,411.4594595
SMR,2013,411.4594595
SMR,2014,411.4594595
SMR,2015,411.4594595
SMR,2016,411.4594595
SMR,2017,453.2191781
SMR,2018,453.2191781
SMR,2019,521.8082192
SOM,2000,504.5639497
SOM,2001,504.5639497
SOM,2002,504.5639497
SOM,2003,504.5639497
SOM,2004,504.5639497
SOM,2005,504.5639497
SOM,2006,504.5639497
SOM,2007,504.5639497
SOM,2008,504.5639497
SOM,2009,504.5639497
SOM,2010,504.5639497
SOM,2011,504.5639497
SOM,2012,504.5639497
SOM,2013,504.5639497
SOM,2014,504.5639497
SOM,2015,504.5639497
SOM,2016,504.5639497
SOM,2017,367.8788239
SOM,2018,367.8788239
SOM,2019,422.0065343
SRB,2000,466.4969769
SRB,2001,466.4969769
SRB,2002,466.4969769
SRB,2003,466.4969769
SRB,2004,466.4969769
SRB,2005,466.4969769
SRB,2006,466.4969769
SRB,2007,466.4969769
SRB,2008,466.4969769
SRB,2009,466.4969769
SRB,2010,466.4969769
SRB,2011,466.4969769
SRB,2012,466.4969769
SRB,2013,466.4969769
SRB,2014,466.4969769
SRB,2015,466.4969769
SRB,2016,466.4969769
SRB,2017,441.6398051
SRB,2018,441.6398051
SRB,2019,460.7096117
SSD,2000,1017.967548
SSD,2001,1017.967548
SSD,2002,1017.967548
SSD,2003,1017.967548
SSD,2004,1017.967548
SSD,2005,1017.967548
SSD,2006,1017.967548
SSD,2007,1017.967548
SSD,2008,1017.967548
SSD,2009,1017.967548
SSD,2010,1017.967548
SSD,2011,1017.967548
SSD,2012,1017.967548
SSD,2013,1017.967548
SSD,2014,1017.967548
SSD,2015,1017.967548
SSD,2016,1017.967548
SSD,2017,969.8314478
SSD,2018,969.8314478
SSD,2019,998.7915178
STP,2000,992.7043741
STP,2001,992.7043741
STP,2002,992.7043741
STP,2003,992.7043741
STP,2004,992.7043741
STP,2005,992.7043741
STP,2006,992.7043741
STP,2007,992.7043741
STP,2008,992.7043741
STP,2009,992.7043741
STP,2010,992.7043741
STP,2011,992.7043741
STP,2012,992.7043741
STP,2013,992.7043741
STP,2014,992.7043741
STP,2015,992.7043741
STP,2016,992.7043741
STP,2017,974.189759
STP,2018,974.189759
STP,2019,969.7424699
SUR,2000,1599.510661
SUR,2001,1599.510661
SUR,2002,1599.510661
SUR,2003,1599.510661
SUR,2004,1599.510661
SUR,2005,1599.510661
SUR,2006,1599.510661
SUR,2007,1599.510661
SUR,2008,1599.510661
SUR,2009,1599.510661
SUR,2010,1599.510661
SUR,2011,1599.510661
SUR,2012,1599.510661
SUR,2013,1599.510661
SUR,2014,1599.510661
SUR,2015,1599.510661
SUR,2016,1599.510661
SUR,2017,1586.631394
SUR,2018,1586.631394
SUR,2019,1573.021418
SVK,2000,440.3619241
SVK,2001,440.3619241
SVK,2002,440.3619241
SVK,2003,440.3619241
SVK,2004,440.3619241
SVK,2005,440.3619241
SVK,2006,440.3619241
SVK,2007,440.3619241
SVK,2008,440.3619241
SVK,2009,440.3619241
SVK,2010,440.3619241
SVK,2011,440.3619241
SVK,2012,440.3619241
SVK,2013,440.3619241
SVK,2014,440.3619241
SVK,2015,440.3619241
SVK,2016,440.3619241
SVK,2017,458.1821672
SVK,2018,458.1821672
SVK,2019,419.8402222
SVN,2000,536.9535095
SVN,2001,536.9535095
SVN,2002,536.9535095
SVN,2003,536.9535095
SVN,2004,536.9535095
SVN,2005,536.9535095
SVN,2006,536.9535095
SVN,2007,536.9535095
SVN,2008,536.9535095
SVN,2009,536.9535095
SVN,2010,536.9535095
SVN,2011,536.9535095
SVN,2012,536.9535095
SVN,2013,536.9535095
SVN,2014,536.9535095
SVN,2015,536.9535095
SVN,2016,536.9535095
SVN,2017,496.3476729
SVN,2018,496.3476729
SVN,2019,500.1258113
SWE,2000,362.0438584
SWE,2001,362.0438584
SWE,2002,362.0438584
SWE,2003,362.0438584
SWE,2004,362.0438584
SWE,2005,362.0438584
SWE,2006,362.0438584
SWE,2007,362.0438584
SWE,2008,362.0438584
SWE,2009,362.0438584
SWE,2010,362.0438584
SWE,2011,362.0438584
SWE,2012,362.0438584
SWE,2013,362.0438584
SWE,2014,362.0438584
SWE,2015,362.0438584
SWE,2016,362.0438584
SWE,2017,389.7696837
SWE,2018,389.7696837
SWE,2019,388.0433951
SWZ,2000,661.7196104
SWZ,2001,661.7196104
SWZ,2002,661.7196104
SWZ,2003,661.7196104
SWZ,2004,661.7196104
SWZ,2005,661.7196104
SWZ,2006,661.7196104
SWZ,2007,661.7196104
SWZ,2008,661.7196104
SWZ,2009,661.7196104
SWZ,2010,661.7196104
SWZ,2011,661.7196104
SWZ,2012,661.7196104
SWZ,2013,661.7196104
SWZ,2014,661.7196104
SWZ,2015,661.7196104
SWZ,2016,661.7196104
SWZ,2017,629.2927562
SWZ,2018,629.2927562
SWZ,2019,694.5091073
SYC,2000,1781.42963
SYC,2001,1781.42963
SYC,2002,1781.42963
SYC,2003,1781.42963
SYC,2004,1781.42963
SYC,2005,1781.42963
SYC,2006,1781.42963
SYC,2007,1781.42963
SYC,2008,1781.42963
SYC,2009,1781.42963
SYC,2010,1781.42963
SYC,2011,1781.42963
SYC,2012,1781.42963
SYC,2013,1781.42963
SYC,2014,1781.42963
SYC,2015,1781.42963
SYC,2016,1781.42963
SYC,2017,1735.113475
SYC,2018,1735.113475
SYC,2019,1749.751773
SYR,2000,176.8171299
SYR,2001,176.8171299
SYR,2002,176.8171299
SYR,2003,176.8171299
SYR,2004,176.8171299
SYR,2005,176.8171299
SYR,2006,176.8171299
SYR,2007,176.8171299
SYR,2008,176.8171299
SYR,2009,176.8171299
SYR,2010,176.8171299
SYR,2011,176.8171299
SYR,2012,176.8171299
SYR,2013,176.8171299
SYR,2014,176.8171299
SYR,2015,176.8171299
SYR,2016,176.8171299
SYR,2017,110.10371
SYR,2018,110.10371
SYR,2019,199.8407532
TCA,2000,1415.310127
TCA,2001,1415.310127
TCA,2002,1415.310127
TCA,2003,1415.310127
TCA,2004,1415.310127
TCA,2005,1415.310127
TCA,2006,1415.310127
TCA,2007,1415.310127
TCA,2008,1415.310127
TCA,2009,1415.310127
TCA,2010,1415.310127
TCA,2011,1415.310127
TCA,2012,1415.310127
TCA,2013,1415.310127
TCA,2014,1415.310127
TCA,2015,1415.310127
TCA,2016,1415.310127
TCA,2017,1292.285714
TCA,2018,1292.285714
TCA,2019,1285.652174
TCD,2000,328.7404406
TCD,2001,328.7404406
TCD,2002,328.7404406
TCD,2003,328.7404406
TCD,2004,328.7404406
TCD,2005,328.7404406
TCD,2006,328.7404406
TCD,2007,328.7404406
TCD,2008,328.7404406
TCD,2009,328.7404406
TCD,2010,328.7404406
TCD,2011,328.7404406
TCD,2012,328.7404406
TCD,2013,328.7404406
TCD,2014,328.7404406
TCD,2015,328.7404406
TCD,2016,328.7404406
TCD,2017,304.9171308
TCD,2018,304.9171308
TCD,2019,329.4966667
TGO,2000,1128.571194
TGO,2001,1128.571194
TGO,2002,1128.571194
TGO,2003,1128.571194
TGO,2004,1128.571194
TGO,2005,1128.571194
TGO,2006,1128.571194
TGO,2007,1128.571194
TGO,2008,1128.571194
TGO,2009,1128.571194
TGO,2010,1128.571194
TGO,2011,1128.571194
TGO,2012,1128.571194
TGO,2013,1128.571194
TGO,2014,1128.571194
TGO,2015,1128.571194
TGO,2016,1128.571194
TGO,2017,1062.075687
TGO,2018,1062.075687
TGO,2019,1072.072888
THA,2000,1118.41476
THA,2001,1118.41476
THA,2002,1118.41476
THA,2003,1118.41476
THA,2004,1118.41476
THA,2005,1118.41476
THA,2006,1118.41476
THA,2007,1118.41476
THA,2008,1118.41476
THA,2009,1118.41476
THA,2010,1118.41476
THA,2011,1118.41476
THA,2012,1118.41476
THA,2013,1118.41476
THA,2014,1118.41476
THA,2015,1118.41476
THA,2016,1118.41476
THA,2017,1155.28589
THA,2018,1155.28589
THA,2019,1097.628134
TJK,2000,232.017268
TJK,2001,232.017268
TJK,2002,232.017268
TJK,2003,232.017268
TJK,2004,232.017268
TJK,2005,232.017268
TJK,2006,232.017268
TJK,2007,232.017268
TJK,2008,232.017268
TJK,2009,232.017268
TJK,2010,232.017268
TJK,2011,232.017268
TJK,2012,232.017268
TJK,2013,232.017268
TJK,2014,232.017268
TJK,2015,232.017268
TJK,2016,232.017268
TJK,2017,225.5705085
TJK,2018,225.5705085
TJK,2019,224.2070439
TKL,2000,0
TKL,2001,0
TKL,2002,0
TKL,2003,0
TKL,2004,0
TKL,2005,0
TKL,2006,0
TKL,2007,0
TKL,2008,0
TKL,2009,0
TKL,2010,0
TKL,2011,0
TKL,2012,0
TKL,2013,0
TKL,2014,0
TKL,2015,0
TKL,2016,0
TKL,2017,0
TKL,2018,0
TKL,2019,0
TKM,2000,117.3551424
TKM,2001,117.3551424
TKM,2002,117.3551424
TKM,2003,117.3551424
TKM,2004,117.3551424
TKM,2005,117.3551424
TKM,2006,117.3551424
TKM,2007,117.3551424
TKM,2008,117.3551424
TKM,2009,117.3551424
TKM,2010,117.3551424
TKM,2011,117.3551424
TKM,2012,117.3551424
TKM,2013,117.3551424
TKM,2014,117.3551424
TKM,2015,117.3551424
TKM,2016,117.3551424
TKM,2017,91.78390147
TKM,2018,91.78390147
TKM,2019,124.4746025
TLS,2000,1258.351747
TLS,2001,1258.351747
TLS,2002,1258.351747
TLS,2003,1258.351747
TLS,2004,1258.351747
TLS,2005,1258.351747
TLS,2006,1258.351747
TLS,2007,1258.351747
TLS,2008,1258.351747
TLS,2009,1258.351747
TLS,2010,1258.351747
TLS,2011,1258.351747
TLS,2012,1258.351747
TLS,2013,1258.351747
TLS,2014,1258.351747
TLS,2015,1258.351747
TLS,2016,1258.351747
TLS,2017,1271.010251
TLS,2018,1271.010251
TLS,2019,1215.847584
TON,2000,1652.985965
TON,2001,1652.985965
TON,2002,1652.985965
TON,2003,1652.985965
TON,2004,1652.985965
TON,2005,1652.985965
TON,2006,1652.985965
TON,2007,1652.985965
TON,2008,1652.985965
TON,2009,1652.985965
TON,2010,1652.985965
TON,2011,1652.985965
TON,2012,1652.985965
TON,2013,1652.985965
TON,2014,1652.985965
TON,2015,1652.985965
TON,2016,1652.985965
TON,2017,1631.254296
TON,2018,1631.254296
TON,2019,1644.147766
TTO,2000,1345.591722
TTO,2001,1345.591722
TTO,2002,1345.591722
TTO,2003,1345.591722
TTO,2004,1345.591722
TTO,2005,1345.591722
TTO,2006,1345.591722
TTO,2007,1345.591722
TTO,2008,1345.591722
TTO,2009,1345.591722
TTO,2010,1345.591722
TTO,2011,1345.591722
TTO,2012,1345.591722
TTO,2013,1345.591722
TTO,2014,1345.591722
TTO,2015,1345.591722
TTO,2016,1345.591722
TTO,2017,1346.904647
TTO,2018,1346.904647
TTO,2019,1331.215011
TUN,2000,179.1879547
TUN,2001,179.1879547
TUN,2002,179.1879547
TUN,2003,179.1879547
TUN,2004,179.1879547
TUN,2005,179.1879547
TUN,2006,179.1879547
TUN,2007,179.1879547
TUN,2008,179.1879547
TUN,2009,179.1879547
TUN,2010,179.1879547
TUN,2011,179.1879547
TUN,2012,179.1879547
TUN,2013,179.1879547
TUN,2014,179.1879547
TUN,2015,179.1879547
TUN,2016,179.1879547
TUN,2017,150.045034
TUN,2018,150.045034
TUN,2019,164.9312633
TUR,2000,395.7749094
TUR,2001,395.7749094
TUR,2002,395.7749094
TUR,2003,395.7749094
TUR,2004,395.7749094
TUR,2005,395.7749094
TUR,2006,395.7749094
TUR,2007,395.7749094
TUR,2008,395.7749094
TUR,2009,395.7749094
TUR,2010,395.7749094
TUR,2011,395.7749094
TUR,2012,395.7749094
TUR,2013,395.7749094
TUR,2014,395.7749094
TUR,2015,395.7749094
TUR,2016,395.7749094
TUR,2017,410.2642194
TUR,2018,410.2642194
TUR,2019,414.4199721
TUV,2000,1955.285714
TUV,2001,1955.285714
TUV,2002,1955.285714
TUV,2003,1955.285714
TUV,2004,1955.285714
TUV,2005,1955.285714
TUV,2006,1955.285714
TUV,2007,1955.285714
TUV,2008,1955.285714
TUV,2009,1955.285714
TUV,2010,1955.285714
TUV,2011,1955.285714
TUV,2012,1955.285714
TUV,2013,1955.285714
TUV,2014,1955.285714
TUV,2015,1955.285714
TUV,2016,1955.285714
TUV,2017,1936.25
TUV,2018,1936.25
TUV,2019,1936.25
TZA,2000,923.3927353
TZA,2001,923.3927353
TZA,2002,923.3927353
TZA,2003,923.3927353
TZA,2004,923.3927353
TZA,2005,923.3927353
TZA,2006,923.3927353
TZA,2007,923.3927353
TZA,2008,923.3927353
TZA,2009,923.3927353
TZA,2010,923.3927353
TZA,2011,923.3927353
TZA,2012,923.3927353
TZA,2013,923.3927353
TZA,2014,923.3927353
TZA,2015,923.3927353
TZA,2016,923.3927353
TZA,2017,809.5112086
TZA,2018,809.5112086
TZA,2019,847.9095746
UGA,2000,1128.596554
UGA,2001,1128.596554
UGA,2002,1128.596554
UGA,2003,1128.596554
UGA,2004,1128.596554
UGA,2005,1128.596554
UGA,2006,1128.596554
UGA,2007,1128.596554
UGA,2008,1128.596554
UGA,2009,1128.596554
UGA,2010,1128.596554
UGA,2011,1128.596554
UGA,2012,1128.596554
UGA,2013,1128.596554
UGA,2014,1128.596554
UGA,2015,1128.596554
UGA,2016,1128.596554
UGA,2017,1007.455164
UGA,2018,1007.455164
UGA,2019,1061.632961
UKR,2000,358.0485406
UKR,2001,358.0485406
UKR,2002,358.0485406
UKR,2003,358.0485406
UKR,2004,358.0485406
UKR,2005,358.0485406
UKR,2006,358.0485406
UKR,2007,358.0485406
UKR,2008,358.0485406
UKR,2009,358.0485406
UKR,2010,358.0485406
UKR,2011,358.0485406
UKR,2012,358.0485406
UKR,2013,358.0485406
UKR,2014,358.0485406
UKR,2015,358.0485406
UKR,2016,358.0485406
UKR,2017,372.2386124
UKR,2018,372.2386124
UKR,2019,368.4544127
URY,2000,841.2628827
URY,2001,841.2628827
URY,2002,841.2628827
URY,2003,841.2628827
URY,2004,841.2628827
URY,2005,841.2628827
URY,2006,841.2628827
URY,2007,841.2628827
URY,2008,841.2628827
URY,2009,841.2628827
URY,2010,841.2628827
URY,2011,841.2628827
URY,2012,841.2628827
URY,2013,841.2628827
URY,2014,841.2628827
URY,2015,841.2628827
URY,2016,841.2628827
URY,2017,818.0614036
URY,2018,818.0614036
URY,2019,850.7096051
UZB,2000,197.1704734
UZB,2001,197.1704734
UZB,2002,197.1704734
UZB,2003,197.1704734
UZB,2004,197.1704734
UZB,2005,197.1704734
UZB,2006,197.1704734
UZB,2007,197.1704734
UZB,2008,197.1704734
UZB,2009,197.1704734
UZB,2010,197.1704734
UZB,2011,197.1704734
UZB,2012,197.1704734
UZB,2013,197.1704734
UZB,2014,197.1704734
UZB,2015,197.1704734
UZB,2016,197.1704734
UZB,2017,191.4223613
UZB,2018,191.4223613
UZB,2019,188.8286528
VCT,2000,1618.09854
VCT,2001,1618.09854
VCT,2002,1618.09854
VCT,2003,1618.09854
VCT,2004,1618.09854
VCT,2005,1618.09854
VCT,2006,1618.09854
VCT,2007,1618.09854
VCT,2008,1618.09854
VCT,2009,1618.09854
VCT,2010,1618.09854
VCT,2011,1618.09854
VCT,2012,1618.09854
VCT,2013,1618.09854
VCT,2014,1618.09854
VCT,2015,1618.09854
VCT,2016,1618.09854
VCT,2017,1597.501818
VCT,2018,1597.501818
VCT,2019,1592.541818
VEN,2000,1156.772236
VEN,2001,1156.772236
VEN,2002,1156.772236
VEN,2003,1156.772236
VEN,2004,1156.772236
VEN,2005,1156.772236
VEN,2006,1156.772236
VEN,2007,1156.772236
VEN,2008,1156.772236
VEN,2009,1156.772236
VEN,2010,1156.772236
VEN,2011,1156.772236
VEN,2012,1156.772236
VEN,2013,1156.772236
VEN,2014,1156.772236
VEN,2015,1156.772236
VEN,2016,1156.772236
VEN,2017,1176.171681
VEN,2018,1176.171681
VEN,2019,1132.320681
VGB,2000,2031
VGB,2001,2031
VGB,2002,2031
VGB,2003,2031
VGB,2004,2031
VGB,2005,2031
VGB,2006,2031
VGB,2007,2031
VGB,2008,2031
VGB,2009,2031
VGB,2010,2031
VGB,2011,2031
VGB,2012,2031
VGB,2013,2031
VGB,2014,2031
VGB,2015,2031
VGB,2016,2031
VGB,2017,2029.4
VGB,2018,2029.4
VGB,2019,1934.4
VIR,2000,1794.479675
VIR,2001,1794.479675
VIR,2002,1794.479675
VIR,2003,1794.479675
VIR,2004,1794.479675
VIR,2005,1794.479675
VIR,2006,1794.479675
VIR,2007,1794.479675
VIR,2008,1794.479675
VIR,2009,1794.479675
VIR,2010,1794.479675
VIR,2011,1794.479675
VIR,2012,1794.479675
VIR,2013,1794.479675
VIR,2014,1794.479675
VIR,2015,1794.479675
VIR,2016,1794.479675
VIR,2017,1855.375
VIR,2018,1855.375
VIR,2019,1750.439516
VNM,2000,1031.03972
VNM,2001,1031.03972
VNM,2002,1031.03972
VNM,2003,1031.03972
VNM,2004,1031.03972
VNM,2005,1031.03972
VNM,2006,1031.03972
VNM,2007,1031.03972
VNM,2008,1031.03972
VNM,2009,1031.03972
VNM,2010,1031.03972
VNM,2011,1031.03972
VNM,2012,1031.03972
VNM,2013,1031.03972
VNM,2014,1031.03972
VNM,2015,1031.03972
VNM,2016,1031.03972
VNM,2017,1061.873791
VNM,2018,1061.873791
VNM,2019,1047.64318
VUT,2000,1377.306072
VUT,2001,1377.306072
VUT,2002,1377.306072
VUT,2003,1377.306072
VUT,2004,1377.306072
VUT,2005,1377.306072
VUT,2006,1377.306072
VUT,2007,1377.306072
VUT,2008,1377.306072
VUT,2009,1377.306072
VUT,2010,1377.306072
VUT,2011,1377.306072
VUT,2012,1377.306072
VUT,2013,1377.306072
VUT,2014,1377.306072
VUT,2015,1377.306072
VUT,2016,1377.306072
VUT,2017,1356.187764
VUT,2018,1356.187764
VUT,2019,1358.258732
WSM,2000,1952.285581
WSM,2001,1952.285581
WSM,2002,1952.285581
WSM,2003,1952.285581
WSM,2004,1952.285581
WSM,2005,1952.285581
WSM,2006,1952.285581
WSM,2007,1952.285581
WSM,2008,1952.285581
WSM,2009,1952.285581
WSM,2010,1952.285581
WSM,2011,1952.285581
WSM,2012,1952.285581
WSM,2013,1952.285581
WSM,2014,1952.285581
WSM,2015,1952.285581
WSM,2016,1952.285581
WSM,2017,1920.459868
WSM,2018,1920.459868
WSM,2019,1910.569405
XKX,2000,0
XKX,2001,0
XKX,2002,0
XKX,2003,0
XKX,2004,0
XKX,2005,0
XKX,2006,0
XKX,2007,0
XKX,2008,0
XKX,2009,0
XKX,2010,0
XKX,2011,0
XKX,2012,0
XKX,2013,0
XKX,2014,0
XKX,2015,0
XKX,2016,0
XKX,2017,0
XKX,2018,0
XKX,2019,0
YEM,2000,53.45559262
YEM,2001,53.45559262
YEM,2002,53.45559262
YEM,2003,53.45559262
YEM,2004,53.45559262
YEM,2005,53.45559262
YEM,2006,53.45559262
YEM,2007,53.45559262
YEM,2008,53.45559262
YEM,2009,53.45559262
YEM,2010,53.45559262
YEM,2011,53.45559262
YEM,2012,53.45559262
YEM,2013,53.45559262
YEM,2014,53.45559262
YEM,2015,53.45559262
YEM,2016,53.45559262
YEM,2017,30.38494175
YEM,2018,30.38494175
YEM,2019,32.6797661
ZAF,2000,442.0977375
ZAF,2001,442.0977375
ZAF,2002,442.0977375
ZAF,2003,442.0977375
ZAF,2004,442.0977375
ZAF,2005,442.0977375
ZAF,2006,442.0977375
ZAF,2007,442.0977375
ZAF,2008,442.0977375
ZAF,2009,442.0977375
ZAF,2010,442.0977375
ZAF,2011,442.0977375
ZAF,2012,442.0977375
ZAF,2013,442.0977375
ZAF,2014,442.0977375
ZAF,2015,442.0977375
ZAF,2016,442.0977375
ZAF,2017,447.6010494
ZAF,2018,447.6010494
ZAF,2019,362.1462791
ZMB,2000,912.3351045
ZMB,2001,912.3351045
ZMB,2002,912.3351045
ZMB,2003,912.3351045
ZMB,2004,912.3351045
ZMB,2005,912.3351045
ZMB,2006,912.3351045
ZMB,2007,912.3351045
ZMB,2008,912.3351045
ZMB,2009,912.3351045
ZMB,2010,912.3351045
ZMB,2011,912.3351045
ZMB,2012,912.3351045
ZMB,2013,912.3351045
ZMB,2014,912.3351045
ZMB,2015,912.3351045
ZMB,2016,912.3351045
ZMB,2017,945.2943598
ZMB,2018,945.2943598
ZMB,2019,846.7568801
ZWE,2000,603.8442685
ZWE,2001,603.8442685
ZWE,2002,603.8442685
ZWE,2003,603.8442685
ZWE,2004,603.8442685
ZWE,2005,603.8442685
ZWE,2006,603.8442685
ZWE,2007,603.8442685
ZWE,2008,603.8442685
ZWE,2009,603.8442685
ZWE,2010,603.8442685
ZWE,2011,603.8442685
ZWE,2012,603.8442685
ZWE,2013,603.8442685
ZWE,2014,603.8442685
ZWE,2015,603.8442685
ZWE,2016,603.8442685
ZWE,2017,724.1305659
ZWE,2018,724.1305659
ZWE,2019,527.5899594
