ISO,Year,Population
ABW,2000,0
ABW,2001,0
ABW,2002,0
ABW,2003,0
ABW,2004,0
ABW,2005,0
ABW,2006,0
ABW,2007,0
ABW,2008,0
ABW,2009,0
ABW,2010,0
ABW,2011,0
ABW,2012,0
ABW,2013,0
ABW,2014,0
ABW,2015,0
ABW,2016,0
ABW,2017,0
ABW,2018,0
ABW,2019,0
AFG,2000,37.5
AFG,2001,37.5
AFG,2002,37.5
AFG,2003,37.5
AFG,2004,37.5
AFG,2005,37.5
AFG,2006,37.5
AFG,2007,37.5
AFG,2008,37.5
AFG,2009,37.5
AFG,2010,37.5
AFG,2011,37.5
AFG,2012,37.5
AFG,2013,37.5
AFG,2014,37.5
AFG,2015,37.5
AFG,2016,37.5
AFG,2017,37.5
AFG,2018,37.5
AFG,2019,37.5
AGO,2000,145
AGO,2001,145
AGO,2002,145
AGO,2003,145
AGO,2004,145
AGO,2005,145
AGO,2006,145
AGO,2007,145
AGO,2008,145
AGO,2009,145
AGO,2010,145
AGO,2011,145
AGO,2012,145
AGO,2013,145
AGO,2014,145
AGO,2015,145
AGO,2016,145
AGO,2017,145
AGO,2018,145
AGO,2019,145
ALB,2000,23.05
ALB,2001,23.05
ALB,2002,23.05
ALB,2003,23.05
ALB,2004,23.05
ALB,2005,23.05
ALB,2006,23.05
ALB,2007,23.05
ALB,2008,23.05
ALB,2009,23.05
ALB,2010,23.05
ALB,2011,23.05
ALB,2012,23.05
ALB,2013,23.05
ALB,2014,23.05
ALB,2015,23.05
ALB,2016,23.05
ALB,2017,23.05
ALB,2018,23.05
ALB,2019,23.05
AND,2000,0
AND,2001,0
AND,2002,0
AND,2003,0
AND,2004,0
AND,2005,0
AND,2006,0
AND,2007,0
AND,2008,0
AND,2009,0
AND,2010,0
AND,2011,0
AND,2012,0
AND,2013,0
AND,2014,0
AND,2015,0
AND,2016,0
AND,2017,0
AND,2018,0
AND,2019,0
ARE,2000,0.15
ARE,2001,0.15
ARE,2002,0.15
ARE,2003,0.15
ARE,2004,0.15
ARE,2005,0.15
ARE,2006,0.15
ARE,2007,0.15
ARE,2008,0.15
ARE,2009,0.15
ARE,2010,0.15
ARE,2011,0.15
ARE,2012,0.15
ARE,2013,0.15
ARE,2014,0.15
ARE,2015,0.15
ARE,2016,0.15
ARE,2017,0.15
ARE,2018,0.15
ARE,2019,0.15
ARG,2000,276
ARG,2001,276
ARG,2002,276
ARG,2003,276
ARG,2004,276
ARG,2005,276
ARG,2006,276
ARG,2007,276
ARG,2008,276
ARG,2009,276
ARG,2010,276
ARG,2011,276
ARG,2012,276
ARG,2013,276
ARG,2014,276
ARG,2015,276
ARG,2016,276
ARG,2017,276
ARG,2018,276
ARG,2019,276
ARM,2000,3.948
ARM,2001,3.948
ARM,2002,3.948
ARM,2003,3.948
ARM,2004,3.948
ARM,2005,3.948
ARM,2006,3.948
ARM,2007,3.948
ARM,2008,3.948
ARM,2009,3.948
ARM,2010,3.948
ARM,2011,3.948
ARM,2012,3.948
ARM,2013,3.948
ARM,2014,3.948
ARM,2015,3.948
ARM,2016,3.948
ARM,2017,3.948
ARM,2018,3.948
ARM,2019,3.948
ASM,2000,0
ASM,2001,0
ASM,2002,0
ASM,2003,0
ASM,2004,0
ASM,2005,0
ASM,2006,0
ASM,2007,0
ASM,2008,0
ASM,2009,0
ASM,2010,0
ASM,2011,0
ASM,2012,0
ASM,2013,0
ASM,2014,0
ASM,2015,0
ASM,2016,0
ASM,2017,0
ASM,2018,0
ASM,2019,0
ATG,2000,0
ATG,2001,0
ATG,2002,0
ATG,2003,0
ATG,2004,0
ATG,2005,0
ATG,2006,0
ATG,2007,0
ATG,2008,0
ATG,2009,0
ATG,2010,0
ATG,2011,0
ATG,2012,0
ATG,2013,0
ATG,2014,0
ATG,2015,0
ATG,2016,0
ATG,2017,0
ATG,2018,0
ATG,2019,0
AUS,2000,440
AUS,2001,440
AUS,2002,440
AUS,2003,440
AUS,2004,440
AUS,2005,440
AUS,2006,440
AUS,2007,440
AUS,2008,440
AUS,2009,440
AUS,2010,440
AUS,2011,440
AUS,2012,440
AUS,2013,440
AUS,2014,440
AUS,2015,440
AUS,2016,440
AUS,2017,440
AUS,2018,440
AUS,2019,440
AUT,2000,55
AUT,2001,55
AUT,2002,55
AUT,2003,55
AUT,2004,55
AUT,2005,55
AUT,2006,55
AUT,2007,55
AUT,2008,55
AUT,2009,55
AUT,2010,55
AUT,2011,55
AUT,2012,55
AUT,2013,55
AUT,2014,55
AUT,2015,55
AUT,2016,55
AUT,2017,55
AUT,2018,55
AUT,2019,55
AZE,2000,5.955
AZE,2001,5.955
AZE,2002,5.955
AZE,2003,5.955
AZE,2004,5.955
AZE,2005,5.955
AZE,2006,5.955
AZE,2007,5.955
AZE,2008,5.955
AZE,2009,5.955
AZE,2010,5.955
AZE,2011,5.955
AZE,2012,5.955
AZE,2013,5.955
AZE,2014,5.955
AZE,2015,5.955
AZE,2016,5.955
AZE,2017,5.955
AZE,2018,5.955
AZE,2019,5.955
BDI,2000,10.06
BDI,2001,10.06
BDI,2002,10.06
BDI,2003,10.06
BDI,2004,10.06
BDI,2005,10.06
BDI,2006,10.06
BDI,2007,10.06
BDI,2008,10.06
BDI,2009,10.06
BDI,2010,10.06
BDI,2011,10.06
BDI,2012,10.06
BDI,2013,10.06
BDI,2014,10.06
BDI,2015,10.06
BDI,2016,10.06
BDI,2017,10.06
BDI,2018,10.06
BDI,2019,10.06
BEL,2000,12
BEL,2001,12
BEL,2002,12
BEL,2003,12
BEL,2004,12
BEL,2005,12
BEL,2006,12
BEL,2007,12
BEL,2008,12
BEL,2009,12
BEL,2010,12
BEL,2011,12
BEL,2012,12
BEL,2013,12
BEL,2014,12
BEL,2015,12
BEL,2016,12
BEL,2017,12
BEL,2018,12
BEL,2019,12
BEN,2000,10
BEN,2001,10
BEN,2002,10
BEN,2003,10
BEN,2004,10
BEN,2005,10
BEN,2006,10
BEN,2007,10
BEN,2008,10
BEN,2009,10
BEN,2010,10
BEN,2011,10
BEN,2012,10
BEN,2013,10
BEN,2014,10
BEN,2015,10
BEN,2016,10
BEN,2017,10
BEN,2018,10
BEN,2019,10
BFA,2000,8
BFA,2001,8
BFA,2002,8
BFA,2003,8
BFA,2004,8
BFA,2005,8
BFA,2006,8
BFA,2007,8
BFA,2008,8
BFA,2009,8
BFA,2010,8
BFA,2011,8
BFA,2012,8
BFA,2013,8
BFA,2014,8
BFA,2015,8
BFA,2016,8
BFA,2017,8
BFA,2018,8
BFA,2019,8
BGD,2000,83.91
BGD,2001,83.91
BGD,2002,83.91
BGD,2003,83.91
BGD,2004,83.91
BGD,2005,83.91
BGD,2006,83.91
BGD,2007,83.91
BGD,2008,83.91
BGD,2009,83.91
BGD,2010,83.91
BGD,2011,83.91
BGD,2012,83.91
BGD,2013,83.91
BGD,2014,83.91
BGD,2015,83.91
BGD,2016,83.91
BGD,2017,83.91
BGD,2018,83.91
BGD,2019,83.91
BGR,2000,20.1
BGR,2001,20.1
BGR,2002,20.1
BGR,2003,20.1
BGR,2004,20.1
BGR,2005,20.1
BGR,2006,20.1
BGR,2007,20.1
BGR,2008,20.1
BGR,2009,20.1
BGR,2010,20.1
BGR,2011,20.1
BGR,2012,20.1
BGR,2013,20.1
BGR,2014,20.1
BGR,2015,20.1
BGR,2016,20.1
BGR,2017,20.1
BGR,2018,20.1
BGR,2019,20.1
BHR,2000,0.004
BHR,2001,0.004
BHR,2002,0.004
BHR,2003,0.004
BHR,2004,0.004
BHR,2005,0.004
BHR,2006,0.004
BHR,2007,0.004
BHR,2008,0.004
BHR,2009,0.004
BHR,2010,0.004
BHR,2011,0.004
BHR,2012,0.004
BHR,2013,0.004
BHR,2014,0.004
BHR,2015,0.004
BHR,2016,0.004
BHR,2017,0.004
BHR,2018,0.004
BHR,2019,0.004
BHS,2000,0
BHS,2001,0
BHS,2002,0
BHS,2003,0
BHS,2004,0
BHS,2005,0
BHS,2006,0
BHS,2007,0
BHS,2008,0
BHS,2009,0
BHS,2010,0
BHS,2011,0
BHS,2012,0
BHS,2013,0
BHS,2014,0
BHS,2015,0
BHS,2016,0
BHS,2017,0
BHS,2018,0
BHS,2019,0
BIH,2000,34.34
BIH,2001,34.34
BIH,2002,34.34
BIH,2003,34.34
BIH,2004,34.34
BIH,2005,34.34
BIH,2006,34.34
BIH,2007,34.34
BIH,2008,34.34
BIH,2009,34.34
BIH,2010,34.34
BIH,2011,34.34
BIH,2012,34.34
BIH,2013,34.34
BIH,2014,34.34
BIH,2015,34.34
BIH,2016,34.34
BIH,2017,34.34
BIH,2018,34.34
BIH,2019,34.34
BLR,2000,34
BLR,2001,34
BLR,2002,34
BLR,2003,34
BLR,2004,34
BLR,2005,34
BLR,2006,34
BLR,2007,34
BLR,2008,34
BLR,2009,34
BLR,2010,34
BLR,2011,34
BLR,2012,34
BLR,2013,34
BLR,2014,34
BLR,2015,34
BLR,2016,34
BLR,2017,34
BLR,2018,34
BLR,2019,34
BLZ,2000,15.26
BLZ,2001,15.26
BLZ,2002,15.26
BLZ,2003,15.26
BLZ,2004,15.26
BLZ,2005,15.26
BLZ,2006,15.26
BLZ,2007,15.26
BLZ,2008,15.26
BLZ,2009,15.26
BLZ,2010,15.26
BLZ,2011,15.26
BLZ,2012,15.26
BLZ,2013,15.26
BLZ,2014,15.26
BLZ,2015,15.26
BLZ,2016,15.26
BLZ,2017,15.26
BLZ,2018,15.26
BLZ,2019,15.26
BMU,2000,0
BMU,2001,0
BMU,2002,0
BMU,2003,0
BMU,2004,0
BMU,2005,0
BMU,2006,0
BMU,2007,0
BMU,2008,0
BMU,2009,0
BMU,2010,0
BMU,2011,0
BMU,2012,0
BMU,2013,0
BMU,2014,0
BMU,2015,0
BMU,2016,0
BMU,2017,0
BMU,2018,0
BMU,2019,0
BOL,2000,277.4
BOL,2001,277.4
BOL,2002,277.4
BOL,2003,277.4
BOL,2004,277.4
BOL,2005,277.4
BOL,2006,277.4
BOL,2007,277.4
BOL,2008,277.4
BOL,2009,277.4
BOL,2010,277.4
BOL,2011,277.4
BOL,2012,277.4
BOL,2013,277.4
BOL,2014,277.4
BOL,2015,277.4
BOL,2016,277.4
BOL,2017,277.4
BOL,2018,277.4
BOL,2019,277.4
BRA,2000,5661
BRA,2001,5661
BRA,2002,5661
BRA,2003,5661
BRA,2004,5661
BRA,2005,5661
BRA,2006,5661
BRA,2007,5661
BRA,2008,5661
BRA,2009,5661
BRA,2010,5661
BRA,2011,5661
BRA,2012,5661
BRA,2013,5661
BRA,2014,5661
BRA,2015,5661
BRA,2016,5661
BRA,2017,5661
BRA,2018,5661
BRA,2019,5661
BRB,2000,0.008
BRB,2001,0.008
BRB,2002,0.008
BRB,2003,0.008
BRB,2004,0.008
BRB,2005,0.008
BRB,2006,0.008
BRB,2007,0.008
BRB,2008,0.008
BRB,2009,0.008
BRB,2010,0.008
BRB,2011,0.008
BRB,2012,0.008
BRB,2013,0.008
BRB,2014,0.008
BRB,2015,0.008
BRB,2016,0.008
BRB,2017,0.008
BRB,2018,0.008
BRB,2019,0.008
BRN,2000,8.5
BRN,2001,8.5
BRN,2002,8.5
BRN,2003,8.5
BRN,2004,8.5
BRN,2005,8.5
BRN,2006,8.5
BRN,2007,8.5
BRN,2008,8.5
BRN,2009,8.5
BRN,2010,8.5
BRN,2011,8.5
BRN,2012,8.5
BRN,2013,8.5
BRN,2014,8.5
BRN,2015,8.5
BRN,2016,8.5
BRN,2017,8.5
BRN,2018,8.5
BRN,2019,8.5
BTN,2000,81
BTN,2001,81
BTN,2002,81
BTN,2003,81
BTN,2004,81
BTN,2005,81
BTN,2006,81
BTN,2007,78
BTN,2008,78
BTN,2009,78
BTN,2010,78
BTN,2011,78
BTN,2012,78
BTN,2013,78
BTN,2014,78
BTN,2015,78
BTN,2016,78
BTN,2017,78
BTN,2018,78
BTN,2019,78
BWA,2000,0.8
BWA,2001,0.8
BWA,2002,0.8
BWA,2003,0.8
BWA,2004,0.8
BWA,2005,0.8
BWA,2006,0.8
BWA,2007,0.8
BWA,2008,0.8
BWA,2009,0.8
BWA,2010,0.8
BWA,2011,0.8
BWA,2012,0.8
BWA,2013,0.8
BWA,2014,0.8
BWA,2015,0.8
BWA,2016,0.8
BWA,2017,0.8
BWA,2018,0.8
BWA,2019,0.8
CAF,2000,141
CAF,2001,141
CAF,2002,141
CAF,2003,141
CAF,2004,141
CAF,2005,141
CAF,2006,141
CAF,2007,141
CAF,2008,141
CAF,2009,141
CAF,2010,141
CAF,2011,141
CAF,2012,141
CAF,2013,141
CAF,2014,141
CAF,2015,141
CAF,2016,141
CAF,2017,141
CAF,2018,141
CAF,2019,141
CAN,2000,2840
CAN,2001,2840
CAN,2002,2840
CAN,2003,2840
CAN,2004,2840
CAN,2005,2840
CAN,2006,2840
CAN,2007,2840
CAN,2008,2840
CAN,2009,2840
CAN,2010,2840
CAN,2011,2840
CAN,2012,2840
CAN,2013,2840
CAN,2014,2840
CAN,2015,2840
CAN,2016,2840
CAN,2017,2840
CAN,2018,2840
CAN,2019,2840
CHE,2000,40.4
CHE,2001,40.4
CHE,2002,40.4
CHE,2003,40.4
CHE,2004,40.4
CHE,2005,40.4
CHE,2006,40.4
CHE,2007,40.4
CHE,2008,40.4
CHE,2009,40.4
CHE,2010,40.4
CHE,2011,40.4
CHE,2012,40.4
CHE,2013,40.4
CHE,2014,40.4
CHE,2015,40.4
CHE,2016,40.4
CHE,2017,40.4
CHE,2018,40.4
CHE,2019,40.4
CHL,2000,885
CHL,2001,885
CHL,2002,885
CHL,2003,885
CHL,2004,885
CHL,2005,885
CHL,2006,885
CHL,2007,885
CHL,2008,885
CHL,2009,885
CHL,2010,885
CHL,2011,885
CHL,2012,885
CHL,2013,885
CHL,2014,885
CHL,2015,885
CHL,2016,885
CHL,2017,885
CHL,2018,885
CHL,2019,885
CIV,2000,74
CIV,2001,74
CIV,2002,74
CIV,2003,74
CIV,2004,74
CIV,2005,74
CIV,2006,74
CIV,2007,74
CIV,2008,74
CIV,2009,74
CIV,2010,74
CIV,2011,74
CIV,2012,74
CIV,2013,74
CIV,2014,74
CIV,2015,74
CIV,2016,74
CIV,2017,74
CIV,2018,74
CIV,2019,74
CMR,2000,268
CMR,2001,268
CMR,2002,268
CMR,2003,268
CMR,2004,268
CMR,2005,268
CMR,2006,268
CMR,2007,268
CMR,2008,268
CMR,2009,268
CMR,2010,268
CMR,2011,268
CMR,2012,268
CMR,2013,268
CMR,2014,268
CMR,2015,268
CMR,2016,268
CMR,2017,268
CMR,2018,268
CMR,2019,268
COD,2000,899
COD,2001,899
COD,2002,899
COD,2003,899
COD,2004,899
COD,2005,899
COD,2006,899
COD,2007,899
COD,2008,899
COD,2009,899
COD,2010,899
COD,2011,899
COD,2012,899
COD,2013,899
COD,2014,899
COD,2015,899
COD,2016,899
COD,2017,899
COD,2018,899
COD,2019,899
COG,2000,222
COG,2001,222
COG,2002,222
COG,2003,222
COG,2004,222
COG,2005,222
COG,2006,222
COG,2007,222
COG,2008,222
COG,2009,222
COG,2010,222
COG,2011,222
COG,2012,222
COG,2013,222
COG,2014,222
COG,2015,222
COG,2016,222
COG,2017,222
COG,2018,222
COG,2019,222
COK,2000,0
COK,2001,0
COK,2002,0
COK,2003,0
COK,2004,0
COK,2005,0
COK,2006,0
COK,2007,0
COK,2008,0
COK,2009,0
COK,2010,0
COK,2011,0
COK,2012,0
COK,2013,0
COK,2014,0
COK,2015,0
COK,2016,0
COK,2017,0
COK,2018,0
COK,2019,0
COL,2000,2145
COL,2001,2145
COL,2002,2145
COL,2003,2145
COL,2004,2145
COL,2005,2145
COL,2006,2145
COL,2007,2145
COL,2008,2145
COL,2009,2145
COL,2010,2145
COL,2011,2145
COL,2012,2145
COL,2013,2145
COL,2014,2145
COL,2015,2145
COL,2016,2145
COL,2017,2145
COL,2018,2145
COL,2019,2145
COM,2000,0.2
COM,2001,0.2
COM,2002,0.2
COM,2003,0.2
COM,2004,0.2
COM,2005,0.2
COM,2006,0.2
COM,2007,0.2
COM,2008,0.2
COM,2009,0.2
COM,2010,0.2
COM,2011,0.2
COM,2012,0.2
COM,2013,0.2
COM,2014,0.2
COM,2015,0.2
COM,2016,0.2
COM,2017,0.2
COM,2018,0.2
COM,2019,0.2
CPV,2000,0.181
CPV,2001,0.181
CPV,2002,0.181
CPV,2003,0.181
CPV,2004,0.181
CPV,2005,0.181
CPV,2006,0.181
CPV,2007,0.181
CPV,2008,0.181
CPV,2009,0.181
CPV,2010,0.181
CPV,2011,0.181
CPV,2012,0.181
CPV,2013,0.181
CPV,2014,0.181
CPV,2015,0.181
CPV,2016,0.181
CPV,2017,0.181
CPV,2018,0.181
CPV,2019,0.181
CRI,2000,113
CRI,2001,113
CRI,2002,113
CRI,2003,113
CRI,2004,113
CRI,2005,113
CRI,2006,113
CRI,2007,113
CRI,2008,113
CRI,2009,113
CRI,2010,113
CRI,2011,113
CRI,2012,113
CRI,2013,113
CRI,2014,113
CRI,2015,113
CRI,2016,113
CRI,2017,113
CRI,2018,113
CRI,2019,113
CUB,2000,31.64
CUB,2001,31.64
CUB,2002,31.64
CUB,2003,31.64
CUB,2004,31.64
CUB,2005,31.64
CUB,2006,31.64
CUB,2007,31.64
CUB,2008,31.64
CUB,2009,31.64
CUB,2010,31.64
CUB,2011,31.64
CUB,2012,31.64
CUB,2013,31.64
CUB,2014,31.64
CUB,2015,31.64
CUB,2016,31.64
CUB,2017,31.64
CUB,2018,31.64
CUB,2019,31.64
CYM,2000,0
CYM,2001,0
CYM,2002,0
CYM,2003,0
CYM,2004,0
CYM,2005,0
CYM,2006,0
CYM,2007,0
CYM,2008,0
CYM,2009,0
CYM,2010,0
CYM,2011,0
CYM,2012,0
CYM,2013,0
CYM,2014,0
CYM,2015,0
CYM,2016,0
CYM,2017,0
CYM,2018,0
CYM,2019,0
CYP,2000,0.56
CYP,2001,0.56
CYP,2002,0.56
CYP,2003,0.56
CYP,2004,0.56
CYP,2005,0.56
CYP,2006,0.56
CYP,2007,0.56
CYP,2008,0.56
CYP,2009,0.56
CYP,2010,0.56
CYP,2011,0.56
CYP,2012,0.56
CYP,2013,0.56
CYP,2014,0.56
CYP,2015,0.56
CYP,2016,0.56
CYP,2017,0.56
CYP,2018,0.56
CYP,2019,0.56
CZE,2000,13.15
CZE,2001,13.15
CZE,2002,13.15
CZE,2003,13.15
CZE,2004,13.15
CZE,2005,13.15
CZE,2006,13.15
CZE,2007,13.15
CZE,2008,13.15
CZE,2009,13.15
CZE,2010,13.15
CZE,2011,13.15
CZE,2012,13.15
CZE,2013,13.15
CZE,2014,13.15
CZE,2015,13.15
CZE,2016,13.15
CZE,2017,13.15
CZE,2018,13.15
CZE,2019,13.15
DEU,2000,106.3
DEU,2001,106.3
DEU,2002,106.3
DEU,2003,106.3
DEU,2004,106.3
DEU,2005,106.3
DEU,2006,106.3
DEU,2007,106.3
DEU,2008,106.3
DEU,2009,106.3
DEU,2010,106.3
DEU,2011,106.3
DEU,2012,106.3
DEU,2013,106.3
DEU,2014,106.3
DEU,2015,106.3
DEU,2016,106.3
DEU,2017,106.3
DEU,2018,106.3
DEU,2019,106.3
DJI,2000,0.3
DJI,2001,0.3
DJI,2002,0.3
DJI,2003,0.3
DJI,2004,0.3
DJI,2005,0.3
DJI,2006,0.3
DJI,2007,0.3
DJI,2008,0.3
DJI,2009,0.3
DJI,2010,0.3
DJI,2011,0.3
DJI,2012,0.3
DJI,2013,0.3
DJI,2014,0.3
DJI,2015,0.3
DJI,2016,0.3
DJI,2017,0.3
DJI,2018,0.3
DJI,2019,0.3
DMA,2000,0
DMA,2001,0
DMA,2002,0
DMA,2003,0
DMA,2004,0
DMA,2005,0
DMA,2006,0
DMA,2007,0
DMA,2008,0
DMA,2009,0
DMA,2010,0
DMA,2011,0
DMA,2012,0
DMA,2013,0
DMA,2014,0
DMA,2015,0
DMA,2016,0
DMA,2017,0
DMA,2018,0
DMA,2019,0
DNK,2000,3.7
DNK,2001,3.7
DNK,2002,3.7
DNK,2003,3.7
DNK,2004,3.7
DNK,2005,3.7
DNK,2006,3.7
DNK,2007,3.7
DNK,2008,3.7
DNK,2009,3.7
DNK,2010,3.7
DNK,2011,3.7
DNK,2012,3.7
DNK,2013,3.7
DNK,2014,3.7
DNK,2015,3.7
DNK,2016,3.7
DNK,2017,3.7
DNK,2018,3.7
DNK,2019,3.7
DOM,2000,23.5
DOM,2001,23.5
DOM,2002,23.5
DOM,2003,23.5
DOM,2004,23.5
DOM,2005,23.5
DOM,2006,23.5
DOM,2007,23.5
DOM,2008,23.5
DOM,2009,23.5
DOM,2010,23.5
DOM,2011,23.5
DOM,2012,23.5
DOM,2013,23.5
DOM,2014,23.5
DOM,2015,23.5
DOM,2016,23.5
DOM,2017,23.5
DOM,2018,23.5
DOM,2019,23.5
DZA,2000,9.76
DZA,2001,9.76
DZA,2002,9.76
DZA,2003,9.76
DZA,2004,9.76
DZA,2005,9.76
DZA,2006,9.76
DZA,2007,9.76
DZA,2008,9.76
DZA,2009,9.76
DZA,2010,9.76
DZA,2011,9.76
DZA,2012,9.76
DZA,2013,9.76
DZA,2014,9.76
DZA,2015,9.76
DZA,2016,9.76
DZA,2017,9.76
DZA,2018,9.76
DZA,2019,9.76
ECU,2000,432
ECU,2001,432
ECU,2002,432
ECU,2003,432
ECU,2004,432
ECU,2005,432
ECU,2006,432
ECU,2007,432
ECU,2008,432
ECU,2009,432
ECU,2010,432
ECU,2011,432
ECU,2012,432
ECU,2013,432
ECU,2014,432
ECU,2015,432
ECU,2016,432
ECU,2017,432
ECU,2018,432
ECU,2019,432
EGY,2000,0.5
EGY,2001,0.5
EGY,2002,0.5
EGY,2003,0.5
EGY,2004,0.5
EGY,2005,0.5
EGY,2006,0.5
EGY,2007,0.5
EGY,2008,0.5
EGY,2009,0.5
EGY,2010,0.5
EGY,2011,0.5
EGY,2012,0.5
EGY,2013,0.5
EGY,2014,0.5
EGY,2015,0.5
EGY,2016,0.5
EGY,2017,0.5
EGY,2018,0.5
EGY,2019,0.5
ERI,2000,2.7
ERI,2001,2.7
ERI,2002,2.7
ERI,2003,2.7
ERI,2004,2.7
ERI,2005,2.7
ERI,2006,2.7
ERI,2007,2.7
ERI,2008,2.7
ERI,2009,2.7
ERI,2010,2.7
ERI,2011,2.7
ERI,2012,2.7
ERI,2013,2.7
ERI,2014,2.7
ERI,2015,2.7
ERI,2016,2.7
ERI,2017,2.7
ERI,2018,2.7
ERI,2019,2.7
ESP,2000,109.5
ESP,2001,109.5
ESP,2002,109.5
ESP,2003,109.5
ESP,2004,109.5
ESP,2005,109.5
ESP,2006,109.5
ESP,2007,109.5
ESP,2008,109.5
ESP,2009,109.5
ESP,2010,109.5
ESP,2011,109.5
ESP,2012,109.5
ESP,2013,109.5
ESP,2014,109.5
ESP,2015,109.5
ESP,2016,109.5
ESP,2017,109.5
ESP,2018,109.5
ESP,2019,109.5
EST,2000,11.71
EST,2001,11.71
EST,2002,11.71
EST,2003,11.71
EST,2004,11.71
EST,2005,11.71
EST,2006,11.71
EST,2007,11.71
EST,2008,11.71
EST,2009,11.71
EST,2010,11.71
EST,2011,11.71
EST,2012,11.71
EST,2013,11.71
EST,2014,11.71
EST,2015,11.71
EST,2016,11.71
EST,2017,11.71
EST,2018,11.71
EST,2019,11.71
ETH,2000,120
ETH,2001,120
ETH,2002,120
ETH,2003,120
ETH,2004,120
ETH,2005,120
ETH,2006,120
ETH,2007,120
ETH,2008,120
ETH,2009,120
ETH,2010,120
ETH,2011,120
ETH,2012,120
ETH,2013,120
ETH,2014,120
ETH,2015,120
ETH,2016,120
ETH,2017,120
ETH,2018,120
ETH,2019,120
FIN,2000,106.8
FIN,2001,106.8
FIN,2002,106.8
FIN,2003,106.8
FIN,2004,106.8
FIN,2005,106.8
FIN,2006,106.8
FIN,2007,106.8
FIN,2008,106.8
FIN,2009,106.8
FIN,2010,106.8
FIN,2011,106.8
FIN,2012,106.8
FIN,2013,106.8
FIN,2014,106.8
FIN,2015,106.8
FIN,2016,106.8
FIN,2017,106.8
FIN,2018,106.8
FIN,2019,106.8
FJI,2000,28.55
FJI,2001,28.55
FJI,2002,28.55
FJI,2003,28.55
FJI,2004,28.55
FJI,2005,28.55
FJI,2006,28.55
FJI,2007,28.55
FJI,2008,28.55
FJI,2009,28.55
FJI,2010,28.55
FJI,2011,28.55
FJI,2012,28.55
FJI,2013,28.55
FJI,2014,28.55
FJI,2015,28.55
FJI,2016,28.55
FJI,2017,28.55
FJI,2018,28.55
FJI,2019,28.55
FRA,2000,198
FRA,2001,198
FRA,2002,198
FRA,2003,198
FRA,2004,198
FRA,2005,198
FRA,2006,198
FRA,2007,198
FRA,2008,198
FRA,2009,198
FRA,2010,198
FRA,2011,198
FRA,2012,198
FRA,2013,198
FRA,2014,198
FRA,2015,198
FRA,2016,198
FRA,2017,198
FRA,2018,198
FRA,2019,198
FRO,2000,0
FRO,2001,0
FRO,2002,0
FRO,2003,0
FRO,2004,0
FRO,2005,0
FRO,2006,0
FRO,2007,0
FRO,2008,0
FRO,2009,0
FRO,2010,0
FRO,2011,0
FRO,2012,0
FRO,2013,0
FRO,2014,0
FRO,2015,0
FRO,2016,0
FRO,2017,0
FRO,2018,0
FRO,2019,0
FSM,2000,0
FSM,2001,0
FSM,2002,0
FSM,2003,0
FSM,2004,0
FSM,2005,0
FSM,2006,0
FSM,2007,0
FSM,2008,0
FSM,2009,0
FSM,2010,0
FSM,2011,0
FSM,2012,0
FSM,2013,0
FSM,2014,0
FSM,2015,0
FSM,2016,0
FSM,2017,0
FSM,2018,0
FSM,2019,0
GAB,2000,162
GAB,2001,162
GAB,2002,162
GAB,2003,162
GAB,2004,162
GAB,2005,162
GAB,2006,162
GAB,2007,162
GAB,2008,162
GAB,2009,162
GAB,2010,162
GAB,2011,162
GAB,2012,162
GAB,2013,162
GAB,2014,162
GAB,2015,162
GAB,2016,162
GAB,2017,162
GAB,2018,162
GAB,2019,162
GBR,2000,144.2
GBR,2001,144.2
GBR,2002,144.2
GBR,2003,144.2
GBR,2004,144.2
GBR,2005,144.2
GBR,2006,144.2
GBR,2007,144.2
GBR,2008,144.2
GBR,2009,144.2
GBR,2010,144.2
GBR,2011,144.2
GBR,2012,144.2
GBR,2013,144.2
GBR,2014,144.2
GBR,2015,144.2
GBR,2016,144.2
GBR,2017,144.2
GBR,2018,144.2
GBR,2019,144.2
GEO,2000,56.9
GEO,2001,56.9
GEO,2002,56.9
GEO,2003,56.9
GEO,2004,56.9
GEO,2005,56.9
GEO,2006,56.9
GEO,2007,56.9
GEO,2008,56.9
GEO,2009,56.9
GEO,2010,56.9
GEO,2011,56.9
GEO,2012,56.9
GEO,2013,56.9
GEO,2014,56.9
GEO,2015,56.9
GEO,2016,56.9
GEO,2017,56.9
GEO,2018,56.9
GEO,2019,56.9
GHA,2000,29
GHA,2001,29
GHA,2002,29
GHA,2003,29
GHA,2004,29
GHA,2005,29
GHA,2006,29
GHA,2007,29
GHA,2008,29
GHA,2009,29
GHA,2010,29
GHA,2011,29
GHA,2012,29
GHA,2013,29
GHA,2014,29
GHA,2015,29
GHA,2016,29
GHA,2017,29
GHA,2018,29
GHA,2019,29
GIB,2000,0
GIB,2001,0
GIB,2002,0
GIB,2003,0
GIB,2004,0
GIB,2005,0
GIB,2006,0
GIB,2007,0
GIB,2008,0
GIB,2009,0
GIB,2010,0
GIB,2011,0
GIB,2012,0
GIB,2013,0
GIB,2014,0
GIB,2015,0
GIB,2016,0
GIB,2017,0
GIB,2018,0
GIB,2019,0
GIN,2000,226
GIN,2001,226
GIN,2002,226
GIN,2003,226
GIN,2004,226
GIN,2005,226
GIN,2006,226
GIN,2007,226
GIN,2008,226
GIN,2009,226
GIN,2010,226
GIN,2011,226
GIN,2012,226
GIN,2013,226
GIN,2014,226
GIN,2015,226
GIN,2016,226
GIN,2017,226
GIN,2018,226
GIN,2019,226
GMB,2000,3
GMB,2001,3
GMB,2002,3
GMB,2003,3
GMB,2004,3
GMB,2005,3
GMB,2006,3
GMB,2007,3
GMB,2008,3
GMB,2009,3
GMB,2010,3
GMB,2011,3
GMB,2012,3
GMB,2013,3
GMB,2014,3
GMB,2015,3
GMB,2016,3
GMB,2017,3
GMB,2018,3
GMB,2019,3
GNB,2000,12
GNB,2001,12
GNB,2002,12
GNB,2003,12
GNB,2004,12
GNB,2005,12
GNB,2006,12
GNB,2007,12
GNB,2008,12
GNB,2009,12
GNB,2010,12
GNB,2011,12
GNB,2012,12
GNB,2013,12
GNB,2014,12
GNB,2015,12
GNB,2016,12
GNB,2017,12
GNB,2018,12
GNB,2019,12
GNQ,2000,25
GNQ,2001,25
GNQ,2002,25
GNQ,2003,25
GNQ,2004,25
GNQ,2005,25
GNQ,2006,25
GNQ,2007,25
GNQ,2008,25
GNQ,2009,25
GNQ,2010,25
GNQ,2011,25
GNQ,2012,25
GNQ,2013,25
GNQ,2014,25
GNQ,2015,25
GNQ,2016,25
GNQ,2017,25
GNQ,2018,25
GNQ,2019,25
GRC,2000,55.5
GRC,2001,55.5
GRC,2002,55.5
GRC,2003,55.5
GRC,2004,55.5
GRC,2005,55.5
GRC,2006,55.5
GRC,2007,55.5
GRC,2008,55.5
GRC,2009,55.5
GRC,2010,55.5
GRC,2011,55.5
GRC,2012,55.5
GRC,2013,55.5
GRC,2014,55.5
GRC,2015,55.5
GRC,2016,55.5
GRC,2017,55.5
GRC,2018,55.5
GRC,2019,55.5
GRD,2000,0
GRD,2001,0
GRD,2002,0
GRD,2003,0
GRD,2004,0
GRD,2005,0
GRD,2006,0
GRD,2007,0
GRD,2008,0
GRD,2009,0
GRD,2010,0
GRD,2011,0
GRD,2012,0
GRD,2013,0
GRD,2014,0
GRD,2015,0
GRD,2016,0
GRD,2017,0
GRD,2018,0
GRD,2019,0
GRL,2000,0
GRL,2001,0
GRL,2002,0
GRL,2003,0
GRL,2004,0
GRL,2005,0
GRL,2006,0
GRL,2007,0
GRL,2008,0
GRL,2009,0
GRL,2010,0
GRL,2011,0
GRL,2012,0
GRL,2013,0
GRL,2014,0
GRL,2015,0
GRL,2016,0
GRL,2017,0
GRL,2018,0
GRL,2019,0
GTM,2000,100.7
GTM,2001,100.7
GTM,2002,100.7
GTM,2003,100.7
GTM,2004,100.7
GTM,2005,100.7
GTM,2006,100.7
GTM,2007,100.7
GTM,2008,100.7
GTM,2009,100.7
GTM,2010,100.7
GTM,2011,100.7
GTM,2012,100.7
GTM,2013,100.7
GTM,2014,100.7
GTM,2015,100.7
GTM,2016,100.7
GTM,2017,100.7
GTM,2018,100.7
GTM,2019,100.7
GUM,2000,0
GUM,2001,0
GUM,2002,0
GUM,2003,0
GUM,2004,0
GUM,2005,0
GUM,2006,0
GUM,2007,0
GUM,2008,0
GUM,2009,0
GUM,2010,0
GUM,2011,0
GUM,2012,0
GUM,2013,0
GUM,2014,0
GUM,2015,0
GUM,2016,0
GUM,2017,0
GUM,2018,0
GUM,2019,0
GUY,2000,241
GUY,2001,241
GUY,2002,241
GUY,2003,241
GUY,2004,241
GUY,2005,241
GUY,2006,241
GUY,2007,241
GUY,2008,241
GUY,2009,241
GUY,2010,241
GUY,2011,241
GUY,2012,241
GUY,2013,241
GUY,2014,241
GUY,2015,241
GUY,2016,241
GUY,2017,241
GUY,2018,241
GUY,2019,241
HKG,2000,0
HKG,2001,0
HKG,2002,0
HKG,2003,0
HKG,2004,0
HKG,2005,0
HKG,2006,0
HKG,2007,0
HKG,2008,0
HKG,2009,0
HKG,2010,0
HKG,2011,0
HKG,2012,0
HKG,2013,0
HKG,2014,0
HKG,2015,0
HKG,2016,0
HKG,2017,0
HKG,2018,0
HKG,2019,0
HND,2000,81.57
HND,2001,81.57
HND,2002,81.57
HND,2003,81.57
HND,2004,81.57
HND,2005,81.57
HND,2006,81.57
HND,2007,81.57
HND,2008,81.57
HND,2009,81.57
HND,2010,81.57
HND,2011,81.57
HND,2012,81.57
HND,2013,81.57
HND,2014,81.57
HND,2015,81.57
HND,2016,81.57
HND,2017,81.57
HND,2018,81.57
HND,2019,81.57
HRV,2000,27.2
HRV,2001,27.2
HRV,2002,27.2
HRV,2003,27.2
HRV,2004,27.2
HRV,2005,27.2
HRV,2006,27.2
HRV,2007,27.2
HRV,2008,27.2
HRV,2009,27.2
HRV,2010,27.2
HRV,2011,27.2
HRV,2012,27.2
HRV,2013,27.2
HRV,2014,27.2
HRV,2015,27.2
HRV,2016,27.2
HRV,2017,27.2
HRV,2018,27.2
HRV,2019,27.2
HTI,2000,10.85
HTI,2001,10.85
HTI,2002,10.85
HTI,2003,10.85
HTI,2004,10.85
HTI,2005,10.85
HTI,2006,10.85
HTI,2007,10.85
HTI,2008,10.85
HTI,2009,10.85
HTI,2010,10.85
HTI,2011,10.85
HTI,2012,10.85
HTI,2013,10.85
HTI,2014,10.85
HTI,2015,10.85
HTI,2016,10.85
HTI,2017,10.85
HTI,2018,10.85
HTI,2019,10.85
HUN,2000,6
HUN,2001,6
HUN,2002,6
HUN,2003,6
HUN,2004,6
HUN,2005,6
HUN,2006,6
HUN,2007,6
HUN,2008,6
HUN,2009,6
HUN,2010,6
HUN,2011,6
HUN,2012,6
HUN,2013,6
HUN,2014,6
HUN,2015,6
HUN,2016,6
HUN,2017,6
HUN,2018,6
HUN,2019,6
IDN,2000,1973
IDN,2001,1973
IDN,2002,1973
IDN,2003,1973
IDN,2004,1973
IDN,2005,1973
IDN,2006,1973
IDN,2007,1973
IDN,2008,1973
IDN,2009,1973
IDN,2010,1973
IDN,2011,1973
IDN,2012,1973
IDN,2013,1973
IDN,2014,1973
IDN,2015,1973
IDN,2016,1973
IDN,2017,1973
IDN,2018,1973
IDN,2019,1973
IMN,2000,0
IMN,2001,0
IMN,2002,0
IMN,2003,0
IMN,2004,0
IMN,2005,0
IMN,2006,0
IMN,2007,0
IMN,2008,0
IMN,2009,0
IMN,2010,0
IMN,2011,0
IMN,2012,0
IMN,2013,0
IMN,2014,0
IMN,2015,0
IMN,2016,0
IMN,2017,0
IMN,2018,0
IMN,2019,0
IRL,2000,48.2
IRL,2001,48.2
IRL,2002,48.2
IRL,2003,48.2
IRL,2004,48.2
IRL,2005,48.2
IRL,2006,48.2
IRL,2007,48.2
IRL,2008,48.2
IRL,2009,48.2
IRL,2010,48.2
IRL,2011,48.2
IRL,2012,48.2
IRL,2013,48.2
IRL,2014,48.2
IRL,2015,48.2
IRL,2016,48.2
IRL,2017,48.2
IRL,2018,48.2
IRL,2019,48.2
IRN,2000,97.3
IRN,2001,97.3
IRN,2002,97.3
IRN,2003,97.3
IRN,2004,97.3
IRN,2005,97.3
IRN,2006,97.3
IRN,2007,97.3
IRN,2008,97.3
IRN,2009,97.3
IRN,2010,97.3
IRN,2011,97.3
IRN,2012,97.3
IRN,2013,97.3
IRN,2014,97.3
IRN,2015,97.3
IRN,2016,97.3
IRN,2017,97.3
IRN,2018,97.3
IRN,2019,97.3
IRQ,2000,34
IRQ,2001,34
IRQ,2002,34
IRQ,2003,34
IRQ,2004,34
IRQ,2005,34
IRQ,2006,34
IRQ,2007,34
IRQ,2008,34
IRQ,2009,34
IRQ,2010,34
IRQ,2011,34
IRQ,2012,34
IRQ,2013,34
IRQ,2014,34
IRQ,2015,34
IRQ,2016,34
IRQ,2017,34
IRQ,2018,34
IRQ,2019,34
ISL,2000,166
ISL,2001,166
ISL,2002,166
ISL,2003,166
ISL,2004,166
ISL,2005,166
ISL,2006,166
ISL,2007,166
ISL,2008,166
ISL,2009,166
ISL,2010,166
ISL,2011,166
ISL,2012,166
ISL,2013,166
ISL,2014,166
ISL,2015,166
ISL,2016,166
ISL,2017,166
ISL,2018,166
ISL,2019,166
ISR,2000,0.25
ISR,2001,0.25
ISR,2002,0.25
ISR,2003,0.25
ISR,2004,0.25
ISR,2005,0.25
ISR,2006,0.25
ISR,2007,0.25
ISR,2008,0.25
ISR,2009,0.25
ISR,2010,0.25
ISR,2011,0.25
ISR,2012,0.25
ISR,2013,0.25
ISR,2014,0.25
ISR,2015,0.25
ISR,2016,0.25
ISR,2017,0.25
ISR,2018,0.25
ISR,2019,0.25
ITA,2000,170.5
ITA,2001,170.5
ITA,2002,170.5
ITA,2003,170.5
ITA,2004,170.5
ITA,2005,170.5
ITA,2006,170.5
ITA,2007,170.5
ITA,2008,170.5
ITA,2009,170.5
ITA,2010,170.5
ITA,2011,170.5
ITA,2012,170.5
ITA,2013,170.5
ITA,2014,170.5
ITA,2015,170.5
ITA,2016,170.5
ITA,2017,170.5
ITA,2018,170.5
ITA,2019,170.5
JAM,2000,9.111
JAM,2001,9.111
JAM,2002,9.111
JAM,2003,9.111
JAM,2004,9.111
JAM,2005,9.111
JAM,2006,9.111
JAM,2007,9.111
JAM,2008,9.111
JAM,2009,9.111
JAM,2010,9.111
JAM,2011,9.111
JAM,2012,9.111
JAM,2013,9.111
JAM,2014,9.111
JAM,2015,9.111
JAM,2016,9.111
JAM,2017,9.111
JAM,2018,9.111
JAM,2019,9.111
JOR,2000,0.485
JOR,2001,0.485
JOR,2002,0.485
JOR,2003,0.485
JOR,2004,0.485
JOR,2005,0.485
JOR,2006,0.485
JOR,2007,0.485
JOR,2008,0.485
JOR,2009,0.485
JOR,2010,0.485
JOR,2011,0.485
JOR,2012,0.485
JOR,2013,0.485
JOR,2014,0.485
JOR,2015,0.485
JOR,2016,0.485
JOR,2017,0.485
JOR,2018,0.485
JOR,2019,0.485
JPN,2000,420
JPN,2001,420
JPN,2002,420
JPN,2003,420
JPN,2004,420
JPN,2005,420
JPN,2006,420
JPN,2007,420
JPN,2008,420
JPN,2009,420
JPN,2010,420
JPN,2011,420
JPN,2012,420
JPN,2013,420
JPN,2014,420
JPN,2015,420
JPN,2016,420
JPN,2017,420
JPN,2018,420
JPN,2019,420
KAZ,2000,56.5
KAZ,2001,56.5
KAZ,2002,56.5
KAZ,2003,56.5
KAZ,2004,56.5
KAZ,2005,56.5
KAZ,2006,56.5
KAZ,2007,56.5
KAZ,2008,56.5
KAZ,2009,56.5
KAZ,2010,56.5
KAZ,2011,56.5
KAZ,2012,56.5
KAZ,2013,56.5
KAZ,2014,56.5
KAZ,2015,56.5
KAZ,2016,56.5
KAZ,2017,56.5
KAZ,2018,56.5
KAZ,2019,56.5
KEN,2000,20.2
KEN,2001,20.2
KEN,2002,20.2
KEN,2003,20.2
KEN,2004,20.2
KEN,2005,20.2
KEN,2006,20.2
KEN,2007,20.2
KEN,2008,20.2
KEN,2009,20.2
KEN,2010,20.2
KEN,2011,20.2
KEN,2012,20.2
KEN,2013,20.2
KEN,2014,20.2
KEN,2015,20.2
KEN,2016,20.2
KEN,2017,20.2
KEN,2018,20.2
KEN,2019,20.2
KGZ,2000,46.46
KGZ,2001,46.46
KGZ,2002,46.46
KGZ,2003,46.46
KGZ,2004,46.46
KGZ,2005,46.46
KGZ,2006,46.46
KGZ,2007,46.46
KGZ,2008,46.46
KGZ,2009,46.46
KGZ,2010,46.46
KGZ,2011,46.46
KGZ,2012,46.46
KGZ,2013,46.46
KGZ,2014,46.46
KGZ,2015,46.46
KGZ,2016,46.46
KGZ,2017,46.46
KGZ,2018,46.46
KGZ,2019,46.46
KHM,2000,116
KHM,2001,116
KHM,2002,116
KHM,2003,116
KHM,2004,116
KHM,2005,116
KHM,2006,116
KHM,2007,116
KHM,2008,116
KHM,2009,116
KHM,2010,116
KHM,2011,116
KHM,2012,116
KHM,2013,116
KHM,2014,116
KHM,2015,116
KHM,2016,116
KHM,2017,116
KHM,2018,116
KHM,2019,116
KIR,2000,0
KIR,2001,0
KIR,2002,0
KIR,2003,0
KIR,2004,0
KIR,2005,0
KIR,2006,0
KIR,2007,0
KIR,2008,0
KIR,2009,0
KIR,2010,0
KIR,2011,0
KIR,2012,0
KIR,2013,0
KIR,2014,0
KIR,2015,0
KIR,2016,0
KIR,2017,0
KIR,2018,0
KIR,2019,0
KNA,2000,0.004
KNA,2001,0.004
KNA,2002,0.004
KNA,2003,0.004
KNA,2004,0.004
KNA,2005,0.004
KNA,2006,0.004
KNA,2007,0.004
KNA,2008,0.004
KNA,2009,0.004
KNA,2010,0.004
KNA,2011,0.004
KNA,2012,0.004
KNA,2013,0.004
KNA,2014,0.004
KNA,2015,0.004
KNA,2016,0.004
KNA,2017,0.004
KNA,2018,0.004
KNA,2019,0.004
KOR,2000,62.25
KOR,2001,62.25
KOR,2002,62.25
KOR,2003,62.25
KOR,2004,62.25
KOR,2005,62.25
KOR,2006,62.25
KOR,2007,62.25
KOR,2008,62.25
KOR,2009,62.25
KOR,2010,62.25
KOR,2011,62.25
KOR,2012,62.25
KOR,2013,62.25
KOR,2014,62.25
KOR,2015,62.25
KOR,2016,62.25
KOR,2017,62.25
KOR,2018,62.25
KOR,2019,62.25
KWT,2000,0
KWT,2001,0
KWT,2002,0
KWT,2003,0
KWT,2004,0
KWT,2005,0
KWT,2006,0
KWT,2007,0
KWT,2008,0
KWT,2009,0
KWT,2010,0
KWT,2011,0
KWT,2012,0
KWT,2013,0
KWT,2014,0
KWT,2015,0
KWT,2016,0
KWT,2017,0
KWT,2018,0
KWT,2019,0
LAO,2000,190.4
LAO,2001,190.4
LAO,2002,190.4
LAO,2003,190.4
LAO,2004,190.4
LAO,2005,190.4
LAO,2006,190.4
LAO,2007,190.4
LAO,2008,190.4
LAO,2009,190.4
LAO,2010,190.4
LAO,2011,190.4
LAO,2012,190.4
LAO,2013,190.4
LAO,2014,190.4
LAO,2015,190.4
LAO,2016,190.4
LAO,2017,190.4
LAO,2018,190.4
LAO,2019,190.4
LBN,2000,4.1
LBN,2001,4.1
LBN,2002,4.1
LBN,2003,4.1
LBN,2004,4.1
LBN,2005,4.1
LBN,2006,4.1
LBN,2007,4.1
LBN,2008,4.1
LBN,2009,4.1
LBN,2010,4.1
LBN,2011,4.1
LBN,2012,4.1
LBN,2013,4.1
LBN,2014,4.1
LBN,2015,4.1
LBN,2016,4.1
LBN,2017,4.1
LBN,2018,4.1
LBN,2019,4.1
LBR,2000,200
LBR,2001,200
LBR,2002,200
LBR,2003,200
LBR,2004,200
LBR,2005,200
LBR,2006,200
LBR,2007,200
LBR,2008,200
LBR,2009,200
LBR,2010,200
LBR,2011,200
LBR,2012,200
LBR,2013,200
LBR,2014,200
LBR,2015,200
LBR,2016,200
LBR,2017,200
LBR,2018,200
LBR,2019,200
LBY,2000,0.2
LBY,2001,0.2
LBY,2002,0.2
LBY,2003,0.2
LBY,2004,0.2
LBY,2005,0.2
LBY,2006,0.2
LBY,2007,0.2
LBY,2008,0.2
LBY,2009,0.2
LBY,2010,0.2
LBY,2011,0.2
LBY,2012,0.2
LBY,2013,0.2
LBY,2014,0.2
LBY,2015,0.2
LBY,2016,0.2
LBY,2017,0.2
LBY,2018,0.2
LBY,2019,0.2
LCA,2000,0
LCA,2001,0
LCA,2002,0
LCA,2003,0
LCA,2004,0
LCA,2005,0
LCA,2006,0
LCA,2007,0
LCA,2008,0
LCA,2009,0
LCA,2010,0
LCA,2011,0
LCA,2012,0
LCA,2013,0
LCA,2014,0
LCA,2015,0
LCA,2016,0
LCA,2017,0
LCA,2018,0
LCA,2019,0
LIE,2000,0
LIE,2001,0
LIE,2002,0
LIE,2003,0
LIE,2004,0
LIE,2005,0
LIE,2006,0
LIE,2007,0
LIE,2008,0
LIE,2009,0
LIE,2010,0
LIE,2011,0
LIE,2012,0
LIE,2013,0
LIE,2014,0
LIE,2015,0
LIE,2016,0
LIE,2017,0
LIE,2018,0
LIE,2019,0
LKA,2000,52
LKA,2001,52
LKA,2002,52
LKA,2003,52
LKA,2004,52
LKA,2005,52
LKA,2006,52
LKA,2007,52
LKA,2008,52
LKA,2009,52
LKA,2010,52
LKA,2011,52
LKA,2012,52
LKA,2013,52
LKA,2014,52
LKA,2015,52
LKA,2016,52
LKA,2017,52
LKA,2018,52
LKA,2019,52
LSO,2000,5.23
LSO,2001,5.23
LSO,2002,5.23
LSO,2003,5.23
LSO,2004,5.23
LSO,2005,5.23
LSO,2006,5.23
LSO,2007,5.23
LSO,2008,5.23
LSO,2009,5.23
LSO,2010,5.23
LSO,2011,5.23
LSO,2012,5.23
LSO,2013,5.23
LSO,2014,5.23
LSO,2015,5.23
LSO,2016,5.23
LSO,2017,5.23
LSO,2018,5.23
LSO,2019,5.23
LTU,2000,15.36
LTU,2001,15.36
LTU,2002,15.36
LTU,2003,15.36
LTU,2004,15.36
LTU,2005,15.36
LTU,2006,15.36
LTU,2007,15.36
LTU,2008,15.36
LTU,2009,15.36
LTU,2010,15.36
LTU,2011,15.36
LTU,2012,15.36
LTU,2013,15.36
LTU,2014,15.36
LTU,2015,15.36
LTU,2016,15.36
LTU,2017,15.36
LTU,2018,15.36
LTU,2019,15.36
LUX,2000,1
LUX,2001,1
LUX,2002,1
LUX,2003,1
LUX,2004,1
LUX,2005,1
LUX,2006,1
LUX,2007,1
LUX,2008,1
LUX,2009,1
LUX,2010,1
LUX,2011,1
LUX,2012,1
LUX,2013,1
LUX,2014,1
LUX,2015,1
LUX,2016,1
LUX,2017,1
LUX,2018,1
LUX,2019,1
LVA,2000,16.54
LVA,2001,16.54
LVA,2002,16.54
LVA,2003,16.54
LVA,2004,16.54
LVA,2005,16.54
LVA,2006,16.54
LVA,2007,16.54
LVA,2008,16.54
LVA,2009,16.54
LVA,2010,16.54
LVA,2011,16.54
LVA,2012,16.54
LVA,2013,16.54
LVA,2014,16.54
LVA,2015,16.54
LVA,2016,16.54
LVA,2017,16.54
LVA,2018,16.54
LVA,2019,16.54
MAC,2000,0
MAC,2001,0
MAC,2002,0
MAC,2003,0
MAC,2004,0
MAC,2005,0
MAC,2006,0
MAC,2007,0
MAC,2008,0
MAC,2009,0
MAC,2010,0
MAC,2011,0
MAC,2012,0
MAC,2013,0
MAC,2014,0
MAC,2015,0
MAC,2016,0
MAC,2017,0
MAC,2018,0
MAC,2019,0
MAR,2000,22
MAR,2001,22
MAR,2002,22
MAR,2003,22
MAR,2004,22
MAR,2005,22
MAR,2006,22
MAR,2007,22
MAR,2008,22
MAR,2009,22
MAR,2010,22
MAR,2011,22
MAR,2012,22
MAR,2013,22
MAR,2014,22
MAR,2015,22
MAR,2016,22
MAR,2017,22
MAR,2018,22
MAR,2019,22
MCO,2000,0
MCO,2001,0
MCO,2002,0
MCO,2003,0
MCO,2004,0
MCO,2005,0
MCO,2006,0
MCO,2007,0
MCO,2008,0
MCO,2009,0
MCO,2010,0
MCO,2011,0
MCO,2012,0
MCO,2013,0
MCO,2014,0
MCO,2015,0
MCO,2016,0
MCO,2017,0
MCO,2018,0
MCO,2019,0
MDA,2000,1.32
MDA,2001,1.32
MDA,2002,1.32
MDA,2003,1.32
MDA,2004,1.32
MDA,2005,1.32
MDA,2006,1.32
MDA,2007,1.32
MDA,2008,1.32
MDA,2009,1.32
MDA,2010,1.32
MDA,2011,1.32
MDA,2012,1.32
MDA,2013,1.32
MDA,2014,1.32
MDA,2015,1.32
MDA,2016,1.32
MDA,2017,1.32
MDA,2018,1.32
MDA,2019,1.32
MDG,2000,332
MDG,2001,332
MDG,2002,332
MDG,2003,332
MDG,2004,332
MDG,2005,332
MDG,2006,332
MDG,2007,332
MDG,2008,332
MDG,2009,332
MDG,2010,332
MDG,2011,332
MDG,2012,332
MDG,2013,332
MDG,2014,332
MDG,2015,332
MDG,2016,332
MDG,2017,332
MDG,2018,332
MDG,2019,332
MDV,2000,0
MDV,2001,0
MDV,2002,0
MDV,2003,0
MDV,2004,0
MDV,2005,0
MDV,2006,0
MDV,2007,0
MDV,2008,0
MDV,2009,0
MDV,2010,0
MDV,2011,0
MDV,2012,0
MDV,2013,0
MDV,2014,0
MDV,2015,0
MDV,2016,0
MDV,2017,0
MDV,2018,0
MDV,2019,0
MEX,2000,350
MEX,2001,350
MEX,2002,350
MEX,2003,350
MEX,2004,350
MEX,2005,350
MEX,2006,350
MEX,2007,350
MEX,2008,350
MEX,2009,350
MEX,2010,350
MEX,2011,350
MEX,2012,350
MEX,2013,350
MEX,2014,350
MEX,2015,350
MEX,2016,350
MEX,2017,350
MEX,2018,350
MEX,2019,350
MHL,2000,0
MHL,2001,0
MHL,2002,0
MHL,2003,0
MHL,2004,0
MHL,2005,0
MHL,2006,0
MHL,2007,0
MHL,2008,0
MHL,2009,0
MHL,2010,0
MHL,2011,0
MHL,2012,0
MHL,2013,0
MHL,2014,0
MHL,2015,0
MHL,2016,0
MHL,2017,0
MHL,2018,0
MHL,2019,0
MKD,2000,5.4
MKD,2001,5.4
MKD,2002,5.4
MKD,2003,5.4
MKD,2004,5.4
MKD,2005,5.4
MKD,2006,5.4
MKD,2007,5.4
MKD,2008,5.4
MKD,2009,5.4
MKD,2010,5.4
MKD,2011,5.4
MKD,2012,5.4
MKD,2013,5.4
MKD,2014,5.4
MKD,2015,5.4
MKD,2016,5.4
MKD,2017,5.4
MKD,2018,5.4
MKD,2019,5.4
MLI,2000,50
MLI,2001,50
MLI,2002,50
MLI,2003,50
MLI,2004,50
MLI,2005,50
MLI,2006,50
MLI,2007,50
MLI,2008,50
MLI,2009,50
MLI,2010,50
MLI,2011,50
MLI,2012,50
MLI,2013,50
MLI,2014,50
MLI,2015,50
MLI,2016,50
MLI,2017,50
MLI,2018,50
MLI,2019,50
MLT,2000,0.0005
MLT,2001,0.0005
MLT,2002,0.0005
MLT,2003,0.0005
MLT,2004,0.0005
MLT,2005,0.0005
MLT,2006,0.0005
MLT,2007,0.0005
MLT,2008,0.0005
MLT,2009,0.0005
MLT,2010,0.0005
MLT,2011,0.0005
MLT,2012,0.0005
MLT,2013,0.0005
MLT,2014,0.0005
MLT,2015,0.0005
MLT,2016,0.0005
MLT,2017,0.0005
MLT,2018,0.0005
MLT,2019,0.0005
MMR,2000,992.1
MMR,2001,992.1
MMR,2002,992.1
MMR,2003,992.1
MMR,2004,992.1
MMR,2005,992.1
MMR,2006,992.1
MMR,2007,992.1
MMR,2008,992.1
MMR,2009,992.1
MMR,2010,992.1
MMR,2011,992.1
MMR,2012,992.1
MMR,2013,992.1
MMR,2014,992.1
MMR,2015,992.1
MMR,2016,992.1
MMR,2017,992.1
MMR,2018,992.1
MMR,2019,992.1
MNE,2000,0
MNE,2001,0
MNE,2002,0
MNE,2003,0
MNE,2004,0
MNE,2005,0
MNE,2006,0
MNE,2007,0
MNE,2008,0
MNE,2009,0
MNE,2010,0
MNE,2011,0
MNE,2012,0
MNE,2013,0
MNE,2014,0
MNE,2015,0
MNE,2016,0
MNE,2017,0
MNE,2018,0
MNE,2019,0
MNG,2000,32.7
MNG,2001,32.7
MNG,2002,32.7
MNG,2003,32.7
MNG,2004,32.7
MNG,2005,32.7
MNG,2006,32.7
MNG,2007,32.7
MNG,2008,32.7
MNG,2009,32.7
MNG,2010,32.7
MNG,2011,32.7
MNG,2012,32.7
MNG,2013,32.7
MNG,2014,32.7
MNG,2015,32.7
MNG,2016,32.7
MNG,2017,32.7
MNG,2018,32.7
MNG,2019,32.7
MNP,2000,0
MNP,2001,0
MNP,2002,0
MNP,2003,0
MNP,2004,0
MNP,2005,0
MNP,2006,0
MNP,2007,0
MNP,2008,0
MNP,2009,0
MNP,2010,0
MNP,2011,0
MNP,2012,0
MNP,2013,0
MNP,2014,0
MNP,2015,0
MNP,2016,0
MNP,2017,0
MNP,2018,0
MNP,2019,0
MOZ,2000,97.3
MOZ,2001,97.3
MOZ,2002,97.3
MOZ,2003,97.3
MOZ,2004,97.3
MOZ,2005,97.3
MOZ,2006,97.3
MOZ,2007,97.3
MOZ,2008,97.3
MOZ,2009,97.3
MOZ,2010,97.3
MOZ,2011,97.3
MOZ,2012,97.3
MOZ,2013,97.3
MOZ,2014,97.3
MOZ,2015,97.3
MOZ,2016,97.3
MOZ,2017,97.3
MOZ,2018,97.3
MOZ,2019,97.3
MRT,2000,0.1
MRT,2001,0.1
MRT,2002,0.1
MRT,2003,0.1
MRT,2004,0.1
MRT,2005,0.1
MRT,2006,0.1
MRT,2007,0.1
MRT,2008,0.1
MRT,2009,0.1
MRT,2010,0.1
MRT,2011,0.1
MRT,2012,0.1
MRT,2013,0.1
MRT,2014,0.1
MRT,2015,0.1
MRT,2016,0.1
MRT,2017,0.1
MRT,2018,0.1
MRT,2019,0.1
MUS,2000,2.358
MUS,2001,2.358
MUS,2002,2.358
MUS,2003,2.358
MUS,2004,2.358
MUS,2005,2.358
MUS,2006,2.358
MUS,2007,2.358
MUS,2008,2.358
MUS,2009,2.358
MUS,2010,2.358
MUS,2011,2.358
MUS,2012,2.358
MUS,2013,2.358
MUS,2014,2.358
MUS,2015,2.358
MUS,2016,2.358
MUS,2017,2.358
MUS,2018,2.358
MUS,2019,2.358
MWI,2000,16.14
MWI,2001,16.14
MWI,2002,16.14
MWI,2003,16.14
MWI,2004,16.14
MWI,2005,16.14
MWI,2006,16.14
MWI,2007,16.14
MWI,2008,16.14
MWI,2009,16.14
MWI,2010,16.14
MWI,2011,16.14
MWI,2012,16.14
MWI,2013,16.14
MWI,2014,16.14
MWI,2015,16.14
MWI,2016,16.14
MWI,2017,16.14
MWI,2018,16.14
MWI,2019,16.14
MYS,2000,566
MYS,2001,566
MYS,2002,566
MYS,2003,566
MYS,2004,566
MYS,2005,566
MYS,2006,566
MYS,2007,566
MYS,2008,566
MYS,2009,566
MYS,2010,566
MYS,2011,566
MYS,2012,566
MYS,2013,566
MYS,2014,566
MYS,2015,566
MYS,2016,566
MYS,2017,566
MYS,2018,566
MYS,2019,566
NAM,2000,4.1
NAM,2001,4.1
NAM,2002,4.1
NAM,2003,4.1
NAM,2004,4.1
NAM,2005,4.1
NAM,2006,4.1
NAM,2007,4.1
NAM,2008,4.1
NAM,2009,4.1
NAM,2010,4.1
NAM,2011,4.1
NAM,2012,4.1
NAM,2013,4.1
NAM,2014,4.1
NAM,2015,4.1
NAM,2016,4.1
NAM,2017,4.1
NAM,2018,4.1
NAM,2019,4.1
NCL,2000,0
NCL,2001,0
NCL,2002,0
NCL,2003,0
NCL,2004,0
NCL,2005,0
NCL,2006,0
NCL,2007,0
NCL,2008,0
NCL,2009,0
NCL,2010,0
NCL,2011,0
NCL,2012,0
NCL,2013,0
NCL,2014,0
NCL,2015,0
NCL,2016,0
NCL,2017,0
NCL,2018,0
NCL,2019,0
NER,2000,1
NER,2001,1
NER,2002,1
NER,2003,1
NER,2004,1
NER,2005,1
NER,2006,1
NER,2007,1
NER,2008,1
NER,2009,1
NER,2010,1
NER,2011,1
NER,2012,1
NER,2013,1
NER,2014,1
NER,2015,1
NER,2016,1
NER,2017,1
NER,2018,1
NER,2019,1
NGA,2000,214
NGA,2001,214
NGA,2002,214
NGA,2003,214
NGA,2004,214
NGA,2005,214
NGA,2006,214
NGA,2007,214
NGA,2008,214
NGA,2009,214
NGA,2010,214
NGA,2011,214
NGA,2012,214
NGA,2013,214
NGA,2014,214
NGA,2015,214
NGA,2016,214
NGA,2017,214
NGA,2018,214
NGA,2019,214
NIC,2000,152.6
NIC,2001,152.6
NIC,2002,152.6
NIC,2003,152.6
NIC,2004,152.6
NIC,2005,152.6
NIC,2006,152.6
NIC,2007,152.6
NIC,2008,152.6
NIC,2009,152.6
NIC,2010,152.6
NIC,2011,152.6
NIC,2012,152.6
NIC,2013,152.6
NIC,2014,152.6
NIC,2015,152.6
NIC,2016,152.6
NIC,2017,152.6
NIC,2018,152.6
NIC,2019,152.6
NIU,2000,0
NIU,2001,0
NIU,2002,0
NIU,2003,0
NIU,2004,0
NIU,2005,0
NIU,2006,0
NIU,2007,0
NIU,2008,0
NIU,2009,0
NIU,2010,0
NIU,2011,0
NIU,2012,0
NIU,2013,0
NIU,2014,0
NIU,2015,0
NIU,2016,0
NIU,2017,0
NIU,2018,0
NIU,2019,0
NLD,2000,11
NLD,2001,11
NLD,2002,11
NLD,2003,11
NLD,2004,11
NLD,2005,11
NLD,2006,11
NLD,2007,11
NLD,2008,11
NLD,2009,11
NLD,2010,11
NLD,2011,11
NLD,2012,11
NLD,2013,11
NLD,2014,11
NLD,2015,11
NLD,2016,11
NLD,2017,11
NLD,2018,11
NLD,2019,11
NOR,2000,376
NOR,2001,376
NOR,2002,376
NOR,2003,376
NOR,2004,376
NOR,2005,376
NOR,2006,376
NOR,2007,376
NOR,2008,376
NOR,2009,376
NOR,2010,376
NOR,2011,376
NOR,2012,376
NOR,2013,376
NOR,2014,376
NOR,2015,376
NOR,2016,376
NOR,2017,376
NOR,2018,376
NOR,2019,376
NPL,2000,198.2
NPL,2001,198.2
NPL,2002,198.2
NPL,2003,198.2
NPL,2004,198.2
NPL,2005,198.2
NPL,2006,198.2
NPL,2007,198.2
NPL,2008,198.2
NPL,2009,198.2
NPL,2010,198.2
NPL,2011,198.2
NPL,2012,198.2
NPL,2013,198.2
NPL,2014,198.2
NPL,2015,198.2
NPL,2016,198.2
NPL,2017,198.2
NPL,2018,198.2
NPL,2019,198.2
NRU,2000,0
NRU,2001,0
NRU,2002,0
NRU,2003,0
NRU,2004,0
NRU,2005,0
NRU,2006,0
NRU,2007,0
NRU,2008,0
NRU,2009,0
NRU,2010,0
NRU,2011,0
NRU,2012,0
NRU,2013,0
NRU,2014,0
NRU,2015,0
NRU,2016,0
NRU,2017,0
NRU,2018,0
NRU,2019,0
NZL,2000,0
NZL,2001,0
NZL,2002,0
NZL,2003,0
NZL,2004,0
NZL,2005,0
NZL,2006,0
NZL,2007,0
NZL,2008,0
NZL,2009,0
NZL,2010,0
NZL,2011,0
NZL,2012,0
NZL,2013,0
NZL,2014,0
NZL,2015,0
NZL,2016,0
NZL,2017,0
NZL,2018,0
NZL,2019,0
OMN,2000,1.05
OMN,2001,1.05
OMN,2002,1.05
OMN,2003,1.05
OMN,2004,1.05
OMN,2005,1.05
OMN,2006,1.05
OMN,2007,1.05
OMN,2008,1.05
OMN,2009,1.05
OMN,2010,1.05
OMN,2011,1.05
OMN,2012,1.05
OMN,2013,1.05
OMN,2014,1.05
OMN,2015,1.05
OMN,2016,1.05
OMN,2017,1.05
OMN,2018,1.05
OMN,2019,1.05
PAK,2000,47.4
PAK,2001,47.4
PAK,2002,47.4
PAK,2003,47.4
PAK,2004,47.4
PAK,2005,47.4
PAK,2006,47.4
PAK,2007,47.4
PAK,2008,47.4
PAK,2009,47.4
PAK,2010,47.4
PAK,2011,47.4
PAK,2012,47.4
PAK,2013,47.4
PAK,2014,47.4
PAK,2015,47.4
PAK,2016,47.4
PAK,2017,47.4
PAK,2018,47.4
PAK,2019,47.4
PAN,2000,133.2
PAN,2001,133.2
PAN,2002,133.2
PAN,2003,133.2
PAN,2004,133.2
PAN,2005,133.2
PAN,2006,133.2
PAN,2007,133.2
PAN,2008,133.2
PAN,2009,133.2
PAN,2010,133.2
PAN,2011,133.2
PAN,2012,133.2
PAN,2013,133.2
PAN,2014,133.2
PAN,2015,133.2
PAN,2016,133.2
PAN,2017,133.2
PAN,2018,133.2
PAN,2019,133.2
PER,2000,1641
PER,2001,1641
PER,2002,1641
PER,2003,1641
PER,2004,1641
PER,2005,1641
PER,2006,1641
PER,2007,1641
PER,2008,1641
PER,2009,1641
PER,2010,1641
PER,2011,1641
PER,2012,1641
PER,2013,1641
PER,2014,1641
PER,2015,1641
PER,2016,1641
PER,2017,1641
PER,2018,1641
PER,2019,1641
PHL,2000,444
PHL,2001,444
PHL,2002,444
PHL,2003,444
PHL,2004,444
PHL,2005,444
PHL,2006,444
PHL,2007,444
PHL,2008,444
PHL,2009,444
PHL,2010,444
PHL,2011,444
PHL,2012,444
PHL,2013,444
PHL,2014,444
PHL,2015,444
PHL,2016,444
PHL,2017,444
PHL,2018,444
PHL,2019,444
PLW,2000,0
PLW,2001,0
PLW,2002,0
PLW,2003,0
PLW,2004,0
PLW,2005,0
PLW,2006,0
PLW,2007,0
PLW,2008,0
PLW,2009,0
PLW,2010,0
PLW,2011,0
PLW,2012,0
PLW,2013,0
PLW,2014,0
PLW,2015,0
PLW,2016,0
PLW,2017,0
PLW,2018,0
PLW,2019,0
PNG,2000,801
PNG,2001,801
PNG,2002,801
PNG,2003,801
PNG,2004,801
PNG,2005,801
PNG,2006,801
PNG,2007,801
PNG,2008,801
PNG,2009,801
PNG,2010,801
PNG,2011,801
PNG,2012,801
PNG,2013,801
PNG,2014,801
PNG,2015,801
PNG,2016,801
PNG,2017,801
PNG,2018,801
PNG,2019,801
POL,2000,53.1
POL,2001,53.1
POL,2002,53.1
POL,2003,53.1
POL,2004,53.1
POL,2005,53.1
POL,2006,53.1
POL,2007,53.1
POL,2008,53.1
POL,2009,53.1
POL,2010,53.1
POL,2011,53.1
POL,2012,53.1
POL,2013,53.1
POL,2014,53.1
POL,2015,53.1
POL,2016,53.1
POL,2017,53.1
POL,2018,53.1
POL,2019,53.1
PRI,2000,0
PRI,2001,0
PRI,2002,0
PRI,2003,0
PRI,2004,0
PRI,2005,0
PRI,2006,0
PRI,2007,0
PRI,2008,0
PRI,2009,0
PRI,2010,0
PRI,2011,0
PRI,2012,0
PRI,2013,0
PRI,2014,0
PRI,2015,0
PRI,2016,0
PRI,2017,0
PRI,2018,0
PRI,2019,0
PRK,2000,66
PRK,2001,66
PRK,2002,66
PRK,2003,66
PRK,2004,66
PRK,2005,66
PRK,2006,66
PRK,2007,66
PRK,2008,66
PRK,2009,66
PRK,2010,66
PRK,2011,66
PRK,2012,66
PRK,2013,66
PRK,2014,66
PRK,2015,66
PRK,2016,66
PRK,2017,66
PRK,2018,66
PRK,2019,66
PRT,2000,38
PRT,2001,38
PRT,2002,38
PRT,2003,38
PRT,2004,38
PRT,2005,38
PRT,2006,38
PRT,2007,38
PRT,2008,38
PRT,2009,38
PRT,2010,38
PRT,2011,38
PRT,2012,38
PRT,2013,38
PRT,2014,38
PRT,2015,38
PRT,2016,38
PRT,2017,38
PRT,2018,38
PRT,2019,38
PRY,2000,117
PRY,2001,117
PRY,2002,117
PRY,2003,117
PRY,2004,117
PRY,2005,117
PRY,2006,117
PRY,2007,117
PRY,2008,117
PRY,2009,117
PRY,2010,117
PRY,2011,117
PRY,2012,117
PRY,2013,117
PRY,2014,117
PRY,2015,117
PRY,2016,117
PRY,2017,117
PRY,2018,117
PRY,2019,117
PSE,2000,0.072
PSE,2001,0.072
PSE,2002,0.072
PSE,2003,0.072
PSE,2004,0.072
PSE,2005,0.072
PSE,2006,0.072
PSE,2007,0.072
PSE,2008,0.072
PSE,2009,0.072
PSE,2010,0.072
PSE,2011,0.072
PSE,2012,0.072
PSE,2013,0.072
PSE,2014,0.072
PSE,2015,0.072
PSE,2016,0.072
PSE,2017,0.072
PSE,2018,0.072
PSE,2019,0.072
PYF,2000,0
PYF,2001,0
PYF,2002,0
PYF,2003,0
PYF,2004,0
PYF,2005,0
PYF,2006,0
PYF,2007,0
PYF,2008,0
PYF,2009,0
PYF,2010,0
PYF,2011,0
PYF,2012,0
PYF,2013,0
PYF,2014,0
PYF,2015,0
PYF,2016,0
PYF,2017,0
PYF,2018,0
PYF,2019,0
QAT,2000,0
QAT,2001,0
QAT,2002,0
QAT,2003,0
QAT,2004,0
QAT,2005,0
QAT,2006,0
QAT,2007,0
QAT,2008,0
QAT,2009,0
QAT,2010,0
QAT,2011,0
QAT,2012,0
QAT,2013,0
QAT,2014,0
QAT,2015,0
QAT,2016,0
QAT,2017,0
QAT,2018,0
QAT,2019,0
ROU,2000,42
ROU,2001,42
ROU,2002,42
ROU,2003,42
ROU,2004,42
ROU,2005,42
ROU,2006,42
ROU,2007,42
ROU,2008,42
ROU,2009,42
ROU,2010,42
ROU,2011,42
ROU,2012,42
ROU,2013,42
ROU,2014,42
ROU,2015,42
ROU,2016,42
ROU,2017,42
ROU,2018,42
ROU,2019,42
RWA,2000,9.5
RWA,2001,9.5
RWA,2002,9.5
RWA,2003,9.5
RWA,2004,9.5
RWA,2005,9.5
RWA,2006,9.5
RWA,2007,9.5
RWA,2008,9.5
RWA,2009,9.5
RWA,2010,9.5
RWA,2011,9.5
RWA,2012,9.5
RWA,2013,9.5
RWA,2014,9.5
RWA,2015,9.5
RWA,2016,9.5
RWA,2017,9.5
RWA,2018,9.5
RWA,2019,9.5
SAU,2000,2.2
SAU,2001,2.2
SAU,2002,2.2
SAU,2003,2.2
SAU,2004,2.2
SAU,2005,2.2
SAU,2006,2.2
SAU,2007,2.2
SAU,2008,2.2
SAU,2009,2.2
SAU,2010,2.2
SAU,2011,2.2
SAU,2012,2.2
SAU,2013,2.2
SAU,2014,2.2
SAU,2015,2.2
SAU,2016,2.2
SAU,2017,2.2
SAU,2018,2.2
SAU,2019,2.2
SDN,2000,2
SDN,2001,2
SDN,2002,2
SDN,2003,2
SDN,2004,2
SDN,2005,2
SDN,2006,2
SDN,2007,2
SDN,2008,2
SDN,2009,2
SDN,2010,2
SDN,2011,2
SDN,2012,2
SDN,2013,2
SDN,2014,2
SDN,2015,2
SDN,2016,2
SDN,2017,2
SDN,2018,2
SDN,2019,2
SEN,2000,23.8
SEN,2001,23.8
SEN,2002,23.8
SEN,2003,23.8
SEN,2004,23.8
SEN,2005,23.8
SEN,2006,23.8
SEN,2007,23.8
SEN,2008,23.8
SEN,2009,23.8
SEN,2010,23.8
SEN,2011,23.8
SEN,2012,23.8
SEN,2013,23.8
SEN,2014,23.8
SEN,2015,23.8
SEN,2016,23.8
SEN,2017,23.8
SEN,2018,23.8
SEN,2019,23.8
SGP,2000,0
SGP,2001,0
SGP,2002,0
SGP,2003,0
SGP,2004,0
SGP,2005,0
SGP,2006,0
SGP,2007,0
SGP,2008,0
SGP,2009,0
SGP,2010,0
SGP,2011,0
SGP,2012,0
SGP,2013,0
SGP,2014,0
SGP,2015,0
SGP,2016,0
SGP,2017,0
SGP,2018,0
SGP,2019,0
SLB,2000,44.7
SLB,2001,44.7
SLB,2002,44.7
SLB,2003,44.7
SLB,2004,44.7
SLB,2005,44.7
SLB,2006,44.7
SLB,2007,44.7
SLB,2008,44.7
SLB,2009,44.7
SLB,2010,44.7
SLB,2011,44.7
SLB,2012,44.7
SLB,2013,44.7
SLB,2014,44.7
SLB,2015,44.7
SLB,2016,44.7
SLB,2017,44.7
SLB,2018,44.7
SLB,2019,44.7
SLE,2000,150
SLE,2001,150
SLE,2002,150
SLE,2003,150
SLE,2004,150
SLE,2005,150
SLE,2006,150
SLE,2007,150
SLE,2008,150
SLE,2009,150
SLE,2010,150
SLE,2011,150
SLE,2012,150
SLE,2013,150
SLE,2014,150
SLE,2015,150
SLE,2016,150
SLE,2017,150
SLE,2018,150
SLE,2019,150
SLV,2000,12.05
SLV,2001,12.05
SLV,2002,12.05
SLV,2003,12.05
SLV,2004,12.05
SLV,2005,12.05
SLV,2006,12.05
SLV,2007,12.05
SLV,2008,12.05
SLV,2009,12.05
SLV,2010,12.05
SLV,2011,12.05
SLV,2012,12.05
SLV,2013,12.05
SLV,2014,12.05
SLV,2015,12.05
SLV,2016,12.05
SLV,2017,12.05
SLV,2018,12.05
SLV,2019,12.05
SMR,2000,0
SMR,2001,0
SMR,2002,0
SMR,2003,0
SMR,2004,0
SMR,2005,0
SMR,2006,0
SMR,2007,0
SMR,2008,0
SMR,2009,0
SMR,2010,0
SMR,2011,0
SMR,2012,0
SMR,2013,0
SMR,2014,0
SMR,2015,0
SMR,2016,0
SMR,2017,0
SMR,2018,0
SMR,2019,0
SOM,2000,5.7
SOM,2001,5.7
SOM,2002,5.7
SOM,2003,5.7
SOM,2004,5.7
SOM,2005,5.7
SOM,2006,5.7
SOM,2007,5.7
SOM,2008,5.7
SOM,2009,5.7
SOM,2010,5.7
SOM,2011,5.7
SOM,2012,5.7
SOM,2013,5.7
SOM,2014,5.7
SOM,2015,5.7
SOM,2016,5.7
SOM,2017,5.7
SOM,2018,5.7
SOM,2019,5.7
SRB,2000,0
SRB,2001,0
SRB,2002,0
SRB,2003,0
SRB,2004,0
SRB,2005,0
SRB,2006,0
SRB,2007,0
SRB,2008,0
SRB,2009,0
SRB,2010,0
SRB,2011,0
SRB,2012,0
SRB,2013,0
SRB,2014,0
SRB,2015,0
SRB,2016,0
SRB,2017,0
SRB,2018,0
SRB,2019,0
SSD,2000,26
SSD,2001,26
SSD,2002,26
SSD,2003,26
SSD,2004,26
SSD,2005,26
SSD,2006,26
SSD,2007,26
SSD,2008,26
SSD,2009,26
SSD,2010,26
SSD,2011,26
SSD,2012,26
SSD,2013,26
SSD,2014,26
SSD,2015,26
SSD,2016,26
SSD,2017,26
SSD,2018,26
SSD,2019,26
STP,2000,0
STP,2001,0
STP,2002,0
STP,2003,0
STP,2004,0
STP,2005,0
STP,2006,0
STP,2007,0
STP,2008,0
STP,2009,0
STP,2010,0
STP,2011,0
STP,2012,0
STP,2013,0
STP,2014,0
STP,2015,0
STP,2016,0
STP,2017,0
STP,2018,0
STP,2019,0
SUR,2000,99
SUR,2001,99
SUR,2002,99
SUR,2003,99
SUR,2004,99
SUR,2005,99
SUR,2006,99
SUR,2007,99
SUR,2008,99
SUR,2009,99
SUR,2010,99
SUR,2011,99
SUR,2012,99
SUR,2013,99
SUR,2014,99
SUR,2015,99
SUR,2016,99
SUR,2017,99
SUR,2018,99
SUR,2019,99
SVK,2000,12.6
SVK,2001,12.6
SVK,2002,12.6
SVK,2003,12.6
SVK,2004,12.6
SVK,2005,12.6
SVK,2006,12.6
SVK,2007,12.6
SVK,2008,12.6
SVK,2009,12.6
SVK,2010,12.6
SVK,2011,12.6
SVK,2012,12.6
SVK,2013,12.6
SVK,2014,12.6
SVK,2015,12.6
SVK,2016,12.6
SVK,2017,12.6
SVK,2018,12.6
SVK,2019,12.6
SVN,2000,18.52
SVN,2001,18.52
SVN,2002,18.52
SVN,2003,18.52
SVN,2004,18.52
SVN,2005,18.52
SVN,2006,18.52
SVN,2007,18.52
SVN,2008,18.52
SVN,2009,18.52
SVN,2010,18.52
SVN,2011,18.52
SVN,2012,18.52
SVN,2013,18.52
SVN,2014,18.52
SVN,2015,18.52
SVN,2016,18.52
SVN,2017,18.52
SVN,2018,18.52
SVN,2019,18.52
SWE,2000,170
SWE,2001,170
SWE,2002,170
SWE,2003,170
SWE,2004,170
SWE,2005,170
SWE,2006,170
SWE,2007,170
SWE,2008,170
SWE,2009,170
SWE,2010,170
SWE,2011,170
SWE,2012,170
SWE,2013,170
SWE,2014,170
SWE,2015,170
SWE,2016,170
SWE,2017,170
SWE,2018,170
SWE,2019,170
SWZ,2000,2.64
SWZ,2001,2.64
SWZ,2002,2.64
SWZ,2003,2.64
SWZ,2004,2.64
SWZ,2005,2.64
SWZ,2006,2.64
SWZ,2007,2.64
SWZ,2008,2.64
SWZ,2009,2.64
SWZ,2010,2.64
SWZ,2011,2.64
SWZ,2012,2.64
SWZ,2013,2.64
SWZ,2014,2.64
SWZ,2015,2.64
SWZ,2016,2.64
SWZ,2017,2.64
SWZ,2018,2.64
SWZ,2019,2.64
SYC,2000,0
SYC,2001,0
SYC,2002,0
SYC,2003,0
SYC,2004,0
SYC,2005,0
SYC,2006,0
SYC,2007,0
SYC,2008,0
SYC,2009,0
SYC,2010,0
SYC,2011,0
SYC,2012,0
SYC,2013,0
SYC,2014,0
SYC,2015,0
SYC,2016,0
SYC,2017,0
SYC,2018,0
SYC,2019,0
SYR,2000,4.288
SYR,2001,4.288
SYR,2002,4.288
SYR,2003,4.288
SYR,2004,4.288
SYR,2005,4.288
SYR,2006,4.288
SYR,2007,4.288
SYR,2008,4.288
SYR,2009,4.288
SYR,2010,4.288
SYR,2011,4.288
SYR,2012,4.288
SYR,2013,4.288
SYR,2014,4.288
SYR,2015,4.288
SYR,2016,4.288
SYR,2017,4.288
SYR,2018,4.288
SYR,2019,4.288
TCA,2000,0
TCA,2001,0
TCA,2002,0
TCA,2003,0
TCA,2004,0
TCA,2005,0
TCA,2006,0
TCA,2007,0
TCA,2008,0
TCA,2009,0
TCA,2010,0
TCA,2011,0
TCA,2012,0
TCA,2013,0
TCA,2014,0
TCA,2015,0
TCA,2016,0
TCA,2017,0
TCA,2018,0
TCA,2019,0
TCD,2000,13.5
TCD,2001,13.5
TCD,2002,13.5
TCD,2003,13.5
TCD,2004,13.5
TCD,2005,13.5
TCD,2006,13.5
TCD,2007,13.5
TCD,2008,13.5
TCD,2009,13.5
TCD,2010,13.5
TCD,2011,13.5
TCD,2012,13.5
TCD,2013,13.5
TCD,2014,13.5
TCD,2015,13.5
TCD,2016,13.5
TCD,2017,13.5
TCD,2018,13.5
TCD,2019,13.5
TGO,2000,10.8
TGO,2001,10.8
TGO,2002,10.8
TGO,2003,10.8
TGO,2004,10.8
TGO,2005,10.8
TGO,2006,10.8
TGO,2007,10.8
TGO,2008,10.8
TGO,2009,10.8
TGO,2010,10.8
TGO,2011,10.8
TGO,2012,10.8
TGO,2013,10.8
TGO,2014,10.8
TGO,2015,10.8
TGO,2016,10.8
TGO,2017,10.8
TGO,2018,10.8
TGO,2019,10.8
THA,2000,213.3
THA,2001,213.3
THA,2002,213.3
THA,2003,213.3
THA,2004,213.3
THA,2005,213.3
THA,2006,213.3
THA,2007,213.3
THA,2008,213.3
THA,2009,213.3
THA,2010,213.3
THA,2011,213.3
THA,2012,213.3
THA,2013,213.3
THA,2014,213.3
THA,2015,213.3
THA,2016,213.3
THA,2017,213.3
THA,2018,213.3
THA,2019,213.3
TJK,2000,60.46
TJK,2001,60.46
TJK,2002,60.46
TJK,2003,60.46
TJK,2004,60.46
TJK,2005,60.46
TJK,2006,60.46
TJK,2007,60.46
TJK,2008,60.46
TJK,2009,60.46
TJK,2010,60.46
TJK,2011,60.46
TJK,2012,60.46
TJK,2013,60.46
TJK,2014,60.46
TJK,2015,60.46
TJK,2016,60.46
TJK,2017,60.46
TJK,2018,60.46
TJK,2019,60.46
TKL,2000,0
TKL,2001,0
TKL,2002,0
TKL,2003,0
TKL,2004,0
TKL,2005,0
TKL,2006,0
TKL,2007,0
TKL,2008,0
TKL,2009,0
TKL,2010,0
TKL,2011,0
TKL,2012,0
TKL,2013,0
TKL,2014,0
TKL,2015,0
TKL,2016,0
TKL,2017,0
TKL,2018,0
TKL,2019,0
TKM,2000,1
TKM,2001,1
TKM,2002,1
TKM,2003,1
TKM,2004,1
TKM,2005,1
TKM,2006,1
TKM,2007,1
TKM,2008,1
TKM,2009,1
TKM,2010,1
TKM,2011,1
TKM,2012,1
TKM,2013,1
TKM,2014,1
TKM,2015,1
TKM,2016,1
TKM,2017,1
TKM,2018,1
TKM,2019,1
TLS,2000,8.129
TLS,2001,8.129
TLS,2002,8.129
TLS,2003,8.129
TLS,2004,8.129
TLS,2005,8.129
TLS,2006,8.129
TLS,2007,8.129
TLS,2008,8.129
TLS,2009,8.129
TLS,2010,8.129
TLS,2011,8.129
TLS,2012,8.129
TLS,2013,8.129
TLS,2014,8.129
TLS,2015,8.129
TLS,2016,8.129
TLS,2017,8.129
TLS,2018,8.129
TLS,2019,8.129
TON,2000,0
TON,2001,0
TON,2002,0
TON,2003,0
TON,2004,0
TON,2005,0
TON,2006,0
TON,2007,0
TON,2008,0
TON,2009,0
TON,2010,0
TON,2011,0
TON,2012,0
TON,2013,0
TON,2014,0
TON,2015,0
TON,2016,0
TON,2017,0
TON,2018,0
TON,2019,0
TTO,2000,3.74
TTO,2001,3.74
TTO,2002,3.74
TTO,2003,3.74
TTO,2004,3.74
TTO,2005,3.74
TTO,2006,3.74
TTO,2007,3.74
TTO,2008,3.74
TTO,2009,3.74
TTO,2010,3.74
TTO,2011,3.74
TTO,2012,3.74
TTO,2013,3.74
TTO,2014,3.74
TTO,2015,3.74
TTO,2016,3.74
TTO,2017,3.74
TTO,2018,3.74
TTO,2019,3.74
TUN,2000,3.1
TUN,2001,3.1
TUN,2002,3.1
TUN,2003,3.1
TUN,2004,3.1
TUN,2005,3.1
TUN,2006,3.1
TUN,2007,3.1
TUN,2008,3.1
TUN,2009,3.1
TUN,2010,3.1
TUN,2011,3.1
TUN,2012,3.1
TUN,2013,3.1
TUN,2014,3.1
TUN,2015,3.1
TUN,2016,3.1
TUN,2017,3.1
TUN,2018,3.1
TUN,2019,3.1
TUR,2000,186
TUR,2001,186
TUR,2002,186
TUR,2003,186
TUR,2004,186
TUR,2005,186
TUR,2006,186
TUR,2007,186
TUR,2008,186
TUR,2009,186
TUR,2010,186
TUR,2011,186
TUR,2012,186
TUR,2013,186
TUR,2014,186
TUR,2015,186
TUR,2016,186
TUR,2017,186
TUR,2018,186
TUR,2019,186
TUV,2000,0
TUV,2001,0
TUV,2002,0
TUV,2003,0
TUV,2004,0
TUV,2005,0
TUV,2006,0
TUV,2007,0
TUV,2008,0
TUV,2009,0
TUV,2010,0
TUV,2011,0
TUV,2012,0
TUV,2013,0
TUV,2014,0
TUV,2015,0
TUV,2016,0
TUV,2017,0
TUV,2018,0
TUV,2019,0
TZA,2000,80
TZA,2001,80
TZA,2002,80
TZA,2003,80
TZA,2004,80
TZA,2005,80
TZA,2006,80
TZA,2007,80
TZA,2008,80
TZA,2009,80
TZA,2010,80
TZA,2011,80
TZA,2012,80
TZA,2013,80
TZA,2014,80
TZA,2015,80
TZA,2016,80
TZA,2017,80
TZA,2018,80
TZA,2019,80
UGA,2000,39
UGA,2001,39
UGA,2002,39
UGA,2003,39
UGA,2004,39
UGA,2005,39
UGA,2006,39
UGA,2007,39
UGA,2008,39
UGA,2009,39
UGA,2010,39
UGA,2011,39
UGA,2012,39
UGA,2013,39
UGA,2014,39
UGA,2015,39
UGA,2016,39
UGA,2017,39
UGA,2018,39
UGA,2019,39
UKR,2000,50.1
UKR,2001,50.1
UKR,2002,50.1
UKR,2003,50.1
UKR,2004,50.1
UKR,2005,50.1
UKR,2006,50.1
UKR,2007,50.1
UKR,2008,50.1
UKR,2009,50.1
UKR,2010,50.1
UKR,2011,50.1
UKR,2012,50.1
UKR,2013,50.1
UKR,2014,50.1
UKR,2015,50.1
UKR,2016,50.1
UKR,2017,50.1
UKR,2018,50.1
UKR,2019,50.1
URY,2000,92.2
URY,2001,92.2
URY,2002,92.2
URY,2003,92.2
URY,2004,92.2
URY,2005,92.2
URY,2006,92.2
URY,2007,92.2
URY,2008,92.2
URY,2009,92.2
URY,2010,92.2
URY,2011,92.2
URY,2012,92.2
URY,2013,92.2
URY,2014,92.2
URY,2015,92.2
URY,2016,92.2
URY,2017,92.2
URY,2018,92.2
URY,2019,92.2
UZB,2000,9.54
UZB,2001,9.54
UZB,2002,9.54
UZB,2003,9.54
UZB,2004,9.54
UZB,2005,9.54
UZB,2006,9.54
UZB,2007,9.54
UZB,2008,9.54
UZB,2009,9.54
UZB,2010,9.54
UZB,2011,9.54
UZB,2012,9.54
UZB,2013,9.54
UZB,2014,9.54
UZB,2015,9.54
UZB,2016,9.54
UZB,2017,9.54
UZB,2018,9.54
UZB,2019,9.54
VCT,2000,0
VCT,2001,0
VCT,2002,0
VCT,2003,0
VCT,2004,0
VCT,2005,0
VCT,2006,0
VCT,2007,0
VCT,2008,0
VCT,2009,0
VCT,2010,0
VCT,2011,0
VCT,2012,0
VCT,2013,0
VCT,2014,0
VCT,2015,0
VCT,2016,0
VCT,2017,0
VCT,2018,0
VCT,2019,0
VEN,2000,782.7
VEN,2001,782.7
VEN,2002,782.7
VEN,2003,782.7
VEN,2004,782.7
VEN,2005,782.7
VEN,2006,782.7
VEN,2007,782.7
VEN,2008,782.7
VEN,2009,782.7
VEN,2010,782.7
VEN,2011,782.7
VEN,2012,782.7
VEN,2013,782.7
VEN,2014,782.7
VEN,2015,782.7
VEN,2016,782.7
VEN,2017,782.7
VEN,2018,782.7
VEN,2019,782.7
VGB,2000,0
VGB,2001,0
VGB,2002,0
VGB,2003,0
VGB,2004,0
VGB,2005,0
VGB,2006,0
VGB,2007,0
VGB,2008,0
VGB,2009,0
VGB,2010,0
VGB,2011,0
VGB,2012,0
VGB,2013,0
VGB,2014,0
VGB,2015,0
VGB,2016,0
VGB,2017,0
VGB,2018,0
VGB,2019,0
VIR,2000,0
VIR,2001,0
VIR,2002,0
VIR,2003,0
VIR,2004,0
VIR,2005,0
VIR,2006,0
VIR,2007,0
VIR,2008,0
VIR,2009,0
VIR,2010,0
VIR,2011,0
VIR,2012,0
VIR,2013,0
VIR,2014,0
VIR,2015,0
VIR,2016,0
VIR,2017,0
VIR,2018,0
VIR,2019,0
VNM,2000,323
VNM,2001,323
VNM,2002,323
VNM,2003,323
VNM,2004,323
VNM,2005,323
VNM,2006,323
VNM,2007,323
VNM,2008,323
VNM,2009,323
VNM,2010,323
VNM,2011,323
VNM,2012,323
VNM,2013,323
VNM,2014,323
VNM,2015,323
VNM,2016,323
VNM,2017,323
VNM,2018,323
VNM,2019,323
VUT,2000,10
VUT,2001,10
VUT,2002,10
VUT,2003,10
VUT,2004,10
VUT,2005,10
VUT,2006,10
VUT,2007,10
VUT,2008,10
VUT,2009,10
VUT,2010,10
VUT,2011,10
VUT,2012,10
VUT,2013,10
VUT,2014,10
VUT,2015,10
VUT,2016,10
VUT,2017,10
VUT,2018,10
VUT,2019,10
WSM,2000,0
WSM,2001,0
WSM,2002,0
WSM,2003,0
WSM,2004,0
WSM,2005,0
WSM,2006,0
WSM,2007,0
WSM,2008,0
WSM,2009,0
WSM,2010,0
WSM,2011,0
WSM,2012,0
WSM,2013,0
WSM,2014,0
WSM,2015,0
WSM,2016,0
WSM,2017,0
WSM,2018,0
WSM,2019,0
XKX,2000,0
XKX,2001,0
XKX,2002,0
XKX,2003,0
XKX,2004,0
XKX,2005,0
XKX,2006,0
XKX,2007,0
XKX,2008,0
XKX,2009,0
XKX,2010,0
XKX,2011,0
XKX,2012,0
XKX,2013,0
XKX,2014,0
XKX,2015,0
XKX,2016,0
XKX,2017,0
XKX,2018,0
XKX,2019,0
YEM,2000,2
YEM,2001,2
YEM,2002,2
YEM,2003,2
YEM,2004,2
YEM,2005,2
YEM,2006,2
YEM,2007,2
YEM,2008,2
YEM,2009,2
YEM,2010,2
YEM,2011,2
YEM,2012,2
YEM,2013,2
YEM,2014,2
YEM,2015,2
YEM,2016,2
YEM,2017,2
YEM,2018,2
YEM,2019,2
ZAF,2000,43
ZAF,2001,43
ZAF,2002,43
ZAF,2003,43
ZAF,2004,43
ZAF,2005,43
ZAF,2006,43
ZAF,2007,43
ZAF,2008,43
ZAF,2009,43
ZAF,2010,43
ZAF,2011,43
ZAF,2012,43
ZAF,2013,43
ZAF,2014,43
ZAF,2015,43
ZAF,2016,43
ZAF,2017,43
ZAF,2018,43
ZAF,2019,43
ZMB,2000,80.2
ZMB,2001,80.2
ZMB,2002,80.2
ZMB,2003,80.2
ZMB,2004,80.2
ZMB,2005,80.2
ZMB,2006,80.2
ZMB,2007,80.2
ZMB,2008,80.2
ZMB,2009,80.2
ZMB,2010,80.2
ZMB,2011,80.2
ZMB,2012,80.2
ZMB,2013,80.2
ZMB,2014,80.2
ZMB,2015,80.2
ZMB,2016,80.2
ZMB,2017,80.2
ZMB,2018,80.2
ZMB,2019,80.2
ZWE,2000,11.26
ZWE,2001,11.26
ZWE,2002,11.26
ZWE,2003,11.26
ZWE,2004,11.26
ZWE,2005,11.26
ZWE,2006,11.26
ZWE,2007,11.26
ZWE,2008,11.26
ZWE,2009,11.26
ZWE,2010,11.26
ZWE,2011,11.26
ZWE,2012,11.26
ZWE,2013,11.26
ZWE,2014,11.26
ZWE,2015,11.26
ZWE,2016,11.26
ZWE,2017,11.26
ZWE,2018,11.26
ZWE,2019,11.26
